,playerID,teamID,lgID,G,AB,R,H,2B,3B,HR,RBI,SB,CS,BB,SO,IBB,HBP,SH,SF,GIDP,name_first,name_last,bats,throws,team_name,salary
0,abadfe01,MIN,AL,39,1,0,0,0,0,0,0,0,0,0,1,0,0,0,0,0,Fernando,Abad,L,L,Minnesota Twins,1250000
1,arciaos01,MIN,AL,32,103,8,22,4,0,4,12,0,0,10,46,0,1,0,0,1,Oswaldo,Arcia,L,R,Minnesota Twins,535000
2,buxtoby01,MIN,AL,92,298,44,67,19,6,10,38,10,2,23,118,0,3,4,3,2,Byron,Buxton,R,R,Minnesota Twins,512500
3,doziebr01,MIN,AL,155,615,104,165,35,5,42,99,18,2,61,138,6,8,2,5,12,Brian,Dozier,R,R,Minnesota Twins,3000000
4,escobed01,MIN,AL,105,352,32,83,14,2,6,37,1,3,21,72,1,1,2,1,7,Eduardo,Escobar,B,R,Minnesota Twins,2150000
5,fienca01,MIN,AL,14,0,0,0,0,0,0,0,0,0,0,0,0,0,0,0,0,Casey,Fien,R,R,Minnesota Twins,2275000
6,gibsoky01,MIN,AL,25,7,1,0,0,0,0,0,0,0,1,5,0,0,0,0,0,Kyle,Gibson,R,R,Minnesota Twins,587500
7,hugheph01,MIN,AL,12,2,0,0,0,0,0,0,0,0,0,2,0,0,0,0,0,Phil,Hughes,R,R,Minnesota Twins,9200000
8,jepseke01,MIN,AL,33,0,0,0,0,0,0,0,0,0,0,0,0,0,0,0,0,Kevin,Jepsen,R,R,Minnesota Twins,5312000
9,mauerjo01,MIN,AL,134,494,68,129,22,4,11,49,2,0,79,93,10,1,0,2,11,Joe,Mauer,L,R,Minnesota Twins,23000000
10,milonto01,MIN,AL,19,2,0,2,0,0,0,0,0,0,0,0,0,0,0,0,0,Tommy,Milone,L,L,Minnesota Twins,4500000
11,murphjr01,MIN,AL,26,82,4,12,3,0,1,3,0,0,5,19,0,0,2,1,3,J. R.,Murphy,R,R,Minnesota Twins,528700
12,nolasri01,MIN,AL,21,2,0,0,0,0,0,0,0,0,1,1,0,0,0,0,0,Ricky,Nolasco,R,R,Minnesota Twins,12000000
13,nunezed02,MIN,AL,91,371,49,110,15,1,12,47,27,6,15,58,0,3,2,5,6,Eduardo,Nunez,R,R,Minnesota Twins,1475000
14,perkigl01,MIN,AL,2,0,0,0,0,0,0,0,0,0,0,0,0,0,0,0,0,Glen,Perkins,L,L,Minnesota Twins,6300000
15,plouftr01,MIN,AL,84,319,35,83,13,1,12,47,1,0,19,60,0,2,1,3,11,Trevor,Plouffe,R,R,Minnesota Twins,7250000
16,pressry01,MIN,AL,72,0,0,0,0,0,0,0,0,0,0,0,0,0,0,0,0,Ryan,Pressly,R,R,Minnesota Twins,520000
17,rosared01,MIN,AL,92,335,52,90,17,2,10,32,5,2,12,91,2,2,2,3,4,Eddie,Rosario,L,R,Minnesota Twins,542500
18,sanomi01,MIN,AL,116,437,57,103,22,1,25,66,1,0,54,178,1,1,0,3,8,Miguel,Sano,R,R,Minnesota Twins,547500
19,santada01,MIN,AL,75,233,29,56,10,2,2,14,12,9,12,55,0,1,1,1,1,Danny,Santana,B,R,Minnesota Twins,537500
20,santaer01,MIN,AL,30,5,0,0,0,0,0,0,0,0,0,3,0,0,1,0,0,Ervin,Santana,R,R,Minnesota Twins,13500000
21,suzukku01,MIN,AL,106,345,34,89,24,1,8,49,0,0,18,48,0,5,1,4,9,Kurt,Suzuki,R,R,Minnesota Twins,6000000
22,tonkimi01,MIN,AL,65,2,0,0,0,0,0,0,0,0,0,1,0,0,0,0,0,Michael,Tonkin,R,R,Minnesota Twins,515000
23,barnema01,BOS,AL,62,0,0,0,0,0,0,0,0,0,0,0,0,0,0,0,0,Matt,Barnes,R,R,Boston Red Sox,511000
24,bettsmo01,BOS,AL,158,672,122,214,42,5,31,113,26,4,49,80,1,2,0,7,12,Mookie,Betts,R,R,Boston Red Sox,566000
25,bogaexa01,BOS,AL,157,652,115,192,34,1,21,89,13,4,58,123,0,6,0,3,14,Xander,Bogaerts,R,R,Boston Red Sox,650000
26,bradlja02,BOS,AL,156,558,94,149,30,7,26,87,9,2,63,143,5,10,0,5,10,Jackie,Bradley,L,R,Boston Red Sox,546500
27,buchhcl01,BOS,AL,37,2,0,0,0,0,0,0,0,0,1,2,0,0,0,0,0,Clay,Buchholz,L,R,Boston Red Sox,13000000
28,castiru01,BOS,AL,9,8,4,2,1,0,0,0,0,0,0,3,0,0,0,0,0,Rusney,Castillo,R,R,Boston Red Sox,11400000
29,hanigry01,BOS,AL,35,105,9,18,4,0,1,14,0,0,7,27,0,1,0,0,5,Ryan,Hanigan,R,R,Boston Red Sox,3700000
30,holtbr01,BOS,AL,94,290,45,74,16,0,7,34,4,3,27,58,0,3,1,3,5,Brock,Holt,L,R,Boston Red Sox,606000
31,kellyjo05,BOS,AL,20,0,0,0,0,0,0,0,0,0,0,0,0,0,0,0,0,Joe,Kelly,R,R,Boston Red Sox,2600000
32,kimbrcr01,BOS,AL,57,0,0,0,0,0,0,0,0,0,0,0,0,0,0,0,0,Craig,Kimbrel,R,R,Boston Red Sox,11000000
33,layneto01,BOS,AL,34,0,0,0,0,0,0,0,0,0,0,0,0,0,0,0,0,Tommy,Layne,L,L,Boston Red Sox,563750
34,ortizda01,BOS,AL,151,537,79,169,48,1,38,127,2,0,80,86,15,2,0,7,22,David,Ortiz,L,L,Boston Red Sox,16000000
35,pedrodu01,BOS,AL,154,633,105,201,36,1,15,74,7,4,61,73,0,0,1,3,24,Dustin,Pedroia,R,R,Boston Red Sox,12642511
36,porceri01,BOS,AL,33,5,0,1,0,0,0,0,0,0,0,1,0,0,0,0,0,Rick,Porcello,R,R,Boston Red Sox,20125000
37,priceda01,BOS,AL,35,10,0,0,0,0,0,0,0,0,1,8,0,0,0,0,0,David,Price,L,L,Boston Red Sox,30000000
38,ramirha01,BOS,AL,147,549,81,157,28,1,30,111,9,3,60,120,5,7,0,4,17,Hanley,Ramirez,R,R,Boston Red Sox,22750000
39,ramirno01,BOS,AL,14,0,0,0,0,0,0,0,0,0,0,0,0,0,0,0,0,Noe,Ramirez,R,R,Boston Red Sox,509500
40,rodried05,BOS,AL,20,2,0,0,0,0,0,0,0,0,0,2,0,0,0,0,0,Eduardo,Rodriguez,L,L,Boston Red Sox,521000
41,rossro01,BOS,AL,54,0,0,0,0,0,0,0,0,0,0,0,0,0,0,0,0,Robbie,Ross,L,L,Boston Red Sox,1250000
42,sandopa01,BOS,AL,3,6,0,0,0,0,0,0,0,0,1,4,0,0,0,0,0,Pablo,Sandoval,B,R,Boston Red Sox,17600000
43,shawtr01,BOS,AL,145,480,63,116,34,2,16,71,5,1,43,133,4,3,0,4,10,Travis,Shaw,L,R,Boston Red Sox,515000
44,smithca02,BOS,AL,3,0,0,0,0,0,0,0,0,0,0,0,0,0,0,0,0,Carson,Smith,R,R,Boston Red Sox,529000
45,swihabl01,BOS,AL,19,62,9,16,0,3,0,5,0,1,11,17,0,0,0,1,0,Blake,Swihart,B,R,Boston Red Sox,518500
46,tazawju01,BOS,AL,53,0,0,0,0,0,0,0,0,0,0,0,0,0,0,0,0,Junichi,Tazawa,R,R,Boston Red Sox,3375000
47,ueharko01,BOS,AL,50,0,0,0,0,0,0,0,0,0,0,0,0,0,0,0,0,Koji,Uehara,R,R,Boston Red Sox,9000000
48,vazquch01,BOS,AL,57,172,21,39,9,1,1,12,0,0,10,39,1,2,0,0,3,Christian,Vazquez,R,R,Boston Red Sox,513000
49,wrighst01,BOS,AL,25,4,0,0,0,0,0,0,0,0,0,3,0,0,0,0,0,Steven,Wright,R,R,Boston Red Sox,514500
50,youngch04,BOS,AL,76,203,29,56,18,0,9,24,4,2,21,50,0,3,0,0,4,Chris,Young,R,R,Boston Red Sox,6500000
51,abreujo02,CHA,AL,159,624,67,183,32,1,25,100,0,2,47,125,7,15,0,9,21,Jose,Abreu,R,R,Chicago White Sox,11666667
52,alberma01,CHA,AL,58,1,1,1,1,0,0,0,0,0,0,0,0,0,0,0,0,Matt,Albers,L,R,Chicago White Sox,2000000
53,avilaal01,CHA,AL,57,169,19,36,6,0,7,11,0,0,38,78,0,1,0,1,3,Alex,Avila,L,R,Chicago White Sox,2500000
54,cabreme01,CHA,AL,151,591,70,175,42,5,14,86,2,0,47,69,2,0,3,5,17,Melky,Cabrera,B,L,Chicago White Sox,14000000
55,danksjo01,CHA,AL,4,0,0,0,0,0,0,0,0,0,0,0,0,0,0,0,0,John,Danks,L,L,Chicago White Sox,15750000
56,dukeza01,CHA,AL,53,0,0,0,0,0,0,0,0,0,0,0,0,0,0,0,0,Zach,Duke,L,L,Chicago White Sox,5000000
57,eatonad02,CHA,AL,157,619,91,176,29,9,14,59,14,5,63,115,2,14,7,3,6,Adam,Eaton,L,L,Chicago White Sox,2750000
58,frazito01,CHA,AL,158,590,89,133,21,0,40,98,15,5,64,163,1,4,1,7,11,Todd,Frazier,R,R,Chicago White Sox,8250000
59,garciav01,CHA,AL,120,413,59,101,18,2,12,51,4,4,34,115,0,4,0,2,9,Avisail,Garcia,R,R,Chicago White Sox,2100000
60,jacksau01,CHA,AL,54,181,24,46,12,2,0,18,2,1,17,39,0,1,2,2,3,Austin,Jackson,R,R,Chicago White Sox,5000000
61,jennida01,CHA,AL,64,0,0,0,0,0,0,0,0,0,0,0,0,0,0,0,0,Dan,Jennings,L,L,Chicago White Sox,810000
62,jonesna01,CHA,AL,71,0,0,0,0,0,0,0,0,0,0,0,0,0,0,0,0,Nate,Jones,R,R,Chicago White Sox,900000
63,lawribr01,CHA,AL,94,351,35,87,22,0,12,36,7,3,30,109,2,2,0,1,3,Brett,Lawrie,R,R,Chicago White Sox,4125000
64,navardi01,CHA,AL,85,271,25,57,13,2,6,32,1,2,20,63,0,2,2,3,5,Dioner,Navarro,B,R,Chicago White Sox,4000000
65,petrija01,CHA,AL,9,0,0,0,0,0,0,0,0,0,0,0,0,0,0,0,0,Jake,Petricka,R,R,Chicago White Sox,535000
66,putnaza01,CHA,AL,25,0,0,0,0,0,0,0,0,0,0,0,0,0,0,0,0,Zach,Putnam,R,R,Chicago White Sox,975000
67,quintjo01,CHA,AL,32,2,0,0,0,0,0,0,0,0,0,1,0,0,0,0,0,Jose,Quintana,R,L,Chicago White Sox,5400000
68,roberda08,CHA,AL,62,0,0,0,0,0,0,0,0,0,0,0,0,0,0,0,0,David,Robertson,R,R,Chicago White Sox,11000000
69,rodonca01,CHA,AL,28,3,0,0,0,0,0,0,0,0,0,2,0,0,0,0,0,Carlos,Rodon,L,L,Chicago White Sox,518000
70,rolliji01,CHA,AL,41,149,25,33,8,1,2,8,5,2,16,33,0,0,0,1,2,Jimmy,Rollins,B,R,Chicago White Sox,2000000
71,saladty01,CHA,AL,93,298,33,84,14,0,8,38,11,5,13,62,0,3,2,3,11,Tyler,Saladino,R,R,Chicago White Sox,513000
72,salech01,CHA,AL,32,6,0,1,0,0,0,0,0,0,0,2,0,0,0,0,0,Chris,Sale,L,L,Chicago White Sox,9150000
73,sandsje01,CHA,AL,24,55,2,13,0,0,1,7,0,0,3,24,0,0,0,0,3,Jerry,Sands,R,R,Chicago White Sox,535000
74,shuckja01,CHA,AL,81,224,27,46,5,2,4,14,3,3,12,21,0,1,3,1,5,JB,Shuck,L,L,Chicago White Sox,521000
75,alvarjo02,LAA,AL,64,1,0,0,0,0,0,0,0,0,0,0,0,0,0,0,0,Jose,Alvarez,L,L,Los Angeles Angels of Anaheim,507500
76,bedroca01,LAA,AL,45,0,0,0,0,0,0,0,0,0,0,0,0,0,0,0,0,Cam,Bedrosian,R,R,Los Angeles Angels of Anaheim,510500
77,calhoko01,LAA,AL,157,594,91,161,35,5,18,75,2,3,67,118,0,6,0,5,10,Kole,Calhoun,L,L,Los Angeles Angels of Anaheim,3400000
78,choiji01,LAA,AL,54,112,9,19,4,0,5,12,2,4,16,27,1,0,0,1,2,Ji-Man,Choi,L,R,Los Angeles Angels of Anaheim,650000
79,croncj01,LAA,AL,116,407,51,113,25,2,16,69,2,3,24,75,1,7,0,5,9,C. J.,Cron,R,R,Los Angeles Angels of Anaheim,525000
80,escobyu01,LAA,AL,132,517,68,157,28,1,5,39,0,3,40,67,0,3,3,4,21,Yunel,Escobar,R,R,Los Angeles Angels of Anaheim,7000000
81,gentrcr01,LAA,AL,14,34,2,5,1,0,0,2,0,0,3,6,0,1,1,0,2,Craig,Gentry,R,R,Los Angeles Angels of Anaheim,1000000
82,giavojo01,LAA,AL,99,346,44,90,20,1,6,31,4,3,13,39,0,1,4,3,11,Johnny,Giavotella,R,R,Los Angeles Angels of Anaheim,532500
83,heanean01,LAA,AL,1,0,0,0,0,0,0,0,0,0,0,0,0,0,0,0,0,Andrew,Heaney,L,L,Los Angeles Angels of Anaheim,515000
84,morinmi01,LAA,AL,60,0,0,0,0,0,0,0,0,0,0,0,0,0,0,0,0,Mike,Morin,R,R,Los Angeles Angels of Anaheim,520000
85,navada01,LAA,AL,45,119,10,28,5,0,1,13,0,0,9,26,0,5,0,3,2,Daniel,Nava,B,L,Los Angeles Angels of Anaheim,1375000
86,pennicl01,LAA,AL,74,172,18,36,4,2,3,10,1,0,13,55,0,0,3,0,4,Cliff,Pennington,B,R,Los Angeles Angels of Anaheim,1500000
87,perezca02,LAA,AL,87,268,25,56,16,0,5,31,1,0,12,49,0,1,8,2,6,Carlos,Perez,R,R,Los Angeles Angels of Anaheim,513000
88,pujolal01,LAA,AL,152,593,71,159,19,0,31,119,4,0,49,75,6,2,0,6,24,Albert,Pujols,R,R,Los Angeles Angels of Anaheim,25000000
89,rasmuco02,LAA,AL,19,0,0,0,0,0,0,0,0,0,0,0,0,0,0,0,0,Cory,Rasmus,R,R,Los Angeles Angels of Anaheim,514500
90,richaga01,LAA,AL,6,0,0,0,0,0,0,0,0,0,0,0,0,0,0,0,0,Garrett,Richards,R,R,Los Angeles Angels of Anaheim,6425000
91,salasfe01,LAA,AL,58,0,0,0,0,0,0,0,0,0,0,0,0,0,0,0,0,Fernando,Salas,R,R,Los Angeles Angels of Anaheim,2400000
92,santihe01,LAA,AL,22,3,0,1,0,0,0,0,0,0,0,1,0,0,0,0,0,Hector,Santiago,R,L,Los Angeles Angels of Anaheim,5000000
93,shoemma01,LAA,AL,27,2,0,0,0,0,0,0,0,0,0,1,0,0,0,0,0,Matt,Shoemaker,R,R,Los Angeles Angels of Anaheim,530000
94,simmoan01,LAA,AL,124,448,48,126,22,2,4,44,10,1,28,38,0,2,1,4,16,Andrelton,Simmons,R,R,Los Angeles Angels of Anaheim,6000000
95,smithjo05,LAA,AL,38,0,0,0,0,0,0,0,0,0,0,0,0,0,0,0,0,Joe,Smith,R,R,Los Angeles Angels of Anaheim,5250000
96,sotoge01,LAA,AL,26,78,11,21,5,0,4,9,0,0,6,21,0,0,2,0,1,Geovany,Soto,R,R,Los Angeles Angels of Anaheim,2800000
97,streehu01,LAA,AL,26,0,0,0,0,0,0,0,0,0,0,0,0,0,0,0,0,Huston,Street,R,R,Los Angeles Angels of Anaheim,8000000
98,troutmi01,LAA,AL,159,549,123,173,32,5,29,100,30,7,116,137,12,11,0,5,5,Mike,Trout,R,R,Los Angeles Angels of Anaheim,16083333
99,weaveje02,LAA,AL,31,9,0,0,0,0,0,0,0,0,0,4,0,0,0,0,0,Jered,Weaver,R,R,Los Angeles Angels of Anaheim,20200000
100,ackledu01,NYA,AL,28,61,6,9,0,0,0,4,0,0,8,9,0,0,0,1,0,Dustin,Ackley,L,R,New York Yankees,3200000
101,barbajo01,NYA,AL,13,0,0,0,0,0,0,0,0,0,0,0,0,0,0,0,0,Johnny,Barbato,R,R,New York Yankees,507500
102,beltrca01,NYA,AL,99,359,50,109,21,0,22,64,0,0,22,70,3,2,0,4,13,Carlos,Beltran,B,R,New York Yankees,15000000
103,betande01,NYA,AL,73,0,0,0,0,0,0,0,0,0,0,0,0,0,0,0,0,Dellin,Betances,R,R,New York Yankees,507500
104,castrst01,NYA,AL,151,577,63,156,29,1,21,70,4,0,24,118,1,3,1,5,15,Starlin,Castro,R,R,New York Yankees,7857142
105,cessalu01,NYA,AL,17,0,0,0,0,0,0,0,0,0,0,0,0,0,0,0,0,Luis,Cessa,R,R,New York Yankees,507500
106,chapmar01,NYA,AL,31,0,0,0,0,0,0,0,0,0,0,0,0,0,0,0,0,Aroldis,Chapman,L,L,New York Yankees,9468443
107,ellsbja01,NYA,AL,148,551,71,145,24,5,9,56,20,8,54,84,1,2,4,3,11,Jacoby,Ellsbury,L,L,New York Yankees,21142857
108,eovalna01,NYA,AL,24,5,0,0,0,0,0,0,0,0,1,4,0,0,1,0,0,Nathan,Eovaldi,R,R,New York Yankees,5600000
109,gardnbr01,NYA,AL,148,547,80,143,22,6,7,41,16,4,70,106,0,8,4,5,6,Brett,Gardner,L,L,New York Yankees,13500000
110,gregodi01,NYA,AL,153,562,68,155,32,2,20,70,7,1,19,82,2,6,5,5,9,Didi,Gregorius,L,R,New York Yankees,2425000
111,headlch01,NYA,AL,140,467,58,118,18,1,14,51,8,2,51,118,3,6,0,5,7,Chase,Headley,B,R,New York Yankees,13000000
112,hicksaa01,NYA,AL,123,327,32,71,13,1,8,31,3,4,30,68,1,0,1,3,7,Aaron,Hicks,B,R,New York Yankees,574000
113,mccanbr01,NYA,AL,130,429,56,104,13,0,20,58,1,0,54,99,2,7,0,2,15,Brian,McCann,L,R,New York Yankees,17000000
114,millean01,NYA,AL,44,0,0,0,0,0,0,0,0,0,0,0,0,0,0,0,0,Andrew,Miller,L,L,New York Yankees,9000000
115,mitchbr01,NYA,AL,5,0,0,0,0,0,0,0,0,0,0,0,0,0,0,0,0,Bryan,Mitchell,L,R,New York Yankees,516650
116,novaiv01,NYA,AL,21,4,0,0,0,0,0,0,0,0,0,3,0,0,0,0,0,Ivan,Nova,R,R,New York Yankees,4100000
117,pinedmi01,NYA,AL,32,1,0,0,0,0,0,0,0,0,0,1,0,0,0,0,0,Michael,Pineda,R,R,New York Yankees,4300000
118,rodrial01,NYA,AL,65,225,19,45,7,0,9,31,3,0,14,67,0,1,0,3,4,Alex,Rodriguez,R,R,New York Yankees,21000000
119,rominau01,NYA,AL,62,165,17,40,11,0,4,26,1,0,7,31,1,0,1,3,7,Austin,Romine,R,R,New York Yankees,556000
120,sabatcc01,NYA,AL,30,1,0,0,0,0,0,0,0,0,0,0,0,0,1,0,1,CC,Sabathia,L,L,New York Yankees,25000000
121,severlu01,NYA,AL,22,0,0,0,0,0,0,0,0,0,0,0,0,0,0,0,0,Luis,Severino,R,R,New York Yankees,521300
122,shrevch01,NYA,AL,37,0,0,0,0,0,0,0,0,0,0,0,0,0,0,0,0,Chasen,Shreve,L,L,New York Yankees,533400
123,tanakma01,NYA,AL,31,2,0,0,0,0,0,0,0,0,0,2,0,0,0,0,0,Masahiro,Tanaka,R,R,New York Yankees,22000000
124,teixema01,NYA,AL,116,387,43,79,16,0,15,44,2,0,47,105,1,2,0,2,7,Mark,Teixeira,B,R,New York Yankees,23125000
125,torrero01,NYA,AL,72,155,20,40,7,4,1,12,2,1,10,20,0,1,1,1,4,Ronald,Torreyes,R,R,New York Yankees,508600
126,willima07,NYA,AL,12,27,4,8,1,0,0,2,0,0,1,12,0,0,1,0,0,Mason,Williams,L,R,New York Yankees,509700
127,yateski01,NYA,AL,41,0,0,0,0,0,0,0,0,0,0,0,0,0,0,0,0,Kirby,Yates,L,R,New York Yankees,511900
128,adamecr01,COL,NL,121,225,25,49,7,3,2,17,2,3,24,47,0,4,3,0,5,Cristhian,Adames,B,R,Colorado Rockies,509500
129,anderty01,COL,NL,20,35,1,4,0,0,1,3,0,0,4,11,0,0,3,0,0,Tyler,Anderson,L,L,Colorado Rockies,509500
130,arenano01,COL,NL,160,618,116,182,35,6,41,133,2,3,68,103,10,2,0,8,17,Nolan,Arenado,R,R,Colorado Rockies,5000000
131,barnebr02,COL,NL,48,100,10,22,6,2,0,8,1,2,3,30,0,1,5,0,0,Brandon,Barnes,R,R,Colorado Rockies,1000000
132,bergmch01,COL,NL,15,3,1,1,0,0,0,0,0,0,0,0,0,0,0,0,0,Christian,Bergman,R,R,Colorado Rockies,512500
133,bettich01,COL,NL,32,49,2,2,0,0,0,2,0,0,4,21,0,0,5,0,1,Chad,Bettis,R,R,Colorado Rockies,512500
134,blackch02,COL,NL,143,578,111,187,35,5,29,82,17,9,43,102,4,13,3,4,2,Charlie,Blackmon,L,L,Colorado Rockies,3500000
135,castrmi01,COL,NL,19,0,0,0,0,0,0,0,0,0,0,0,0,0,0,0,0,Miguel,Castro,R,R,Colorado Rockies,509500
136,chatwty01,COL,NL,27,53,3,10,0,1,0,4,0,0,2,14,0,0,3,0,1,Tyler,Chatwood,R,R,Colorado Rockies,1000000
137,delarjo01,COL,NL,27,38,4,7,0,0,0,6,0,0,2,14,0,1,1,0,0,Jorge,De La Rosa,L,L,Colorado Rockies,12500000
138,descada01,COL,NL,99,250,38,66,12,2,8,38,3,0,34,56,3,1,0,4,2,Daniel,Descalso,L,R,Colorado Rockies,2100000
139,gonzaca01,COL,NL,150,584,87,174,42,2,25,100,2,2,46,129,6,1,0,1,10,Carlos,Gonzalez,L,L,Colorado Rockies,17428571
140,grayjo02,COL,NL,29,47,2,7,2,0,0,4,0,0,2,30,0,0,6,0,0,Jon,Gray,R,R,Colorado Rockies,509500
141,gurkaja01,COL,NL,6,0,0,0,0,0,0,0,0,0,0,0,0,0,0,0,0,Jason,Gurka,L,L,Colorado Rockies,660000
142,hundlni01,COL,NL,83,289,30,75,20,1,10,48,0,0,25,65,3,1,1,1,12,Nick,Hundley,R,R,Colorado Rockies,3150000
143,lemahdj01,COL,NL,146,552,104,192,32,8,11,66,11,7,66,80,2,3,8,6,19,DJ,LeMahieu,R,R,Colorado Rockies,3000000
144,loganbo02,COL,NL,66,0,0,0,0,0,0,0,0,0,0,0,0,0,0,0,0,Boone,Logan,R,L,Colorado Rockies,6250000
145,lylesjo01,COL,NL,40,8,0,0,0,0,0,0,0,0,0,4,0,0,0,0,0,Jordan,Lyles,R,R,Colorado Rockies,2975000
146,mcgeeja01,COL,NL,57,0,0,0,0,0,0,0,0,0,0,0,0,0,0,0,0,Jake,McGee,L,L,Colorado Rockies,4800000
147,milleju02,COL,NL,40,1,0,0,0,0,0,0,0,0,0,1,0,0,0,0,0,Justin,Miller,R,R,Colorado Rockies,509500
148,motteja01,COL,NL,30,0,0,0,0,0,0,0,0,0,0,0,0,0,0,0,0,Jason,Motte,R,R,Colorado Rockies,5000000
149,ottavad01,COL,NL,34,0,0,0,0,0,0,0,0,0,0,0,0,0,0,0,0,Adam,Ottavino,B,R,Colorado Rockies,1300000
150,parrage01,COL,NL,102,368,45,93,27,3,7,39,6,4,9,73,1,1,1,2,16,Gerardo,Parra,L,L,Colorado Rockies,8000000
151,paulsbe01,COL,NL,39,92,8,20,5,0,1,11,0,0,5,27,1,0,0,0,2,Ben,Paulsen,L,R,Colorado Rockies,512500
152,quallch01,COL,NL,44,0,0,0,0,0,0,0,0,0,0,0,0,0,0,0,0,Chad,Qualls,R,R,Colorado Rockies,2250000
153,raburry01,COL,NL,113,223,30,49,10,2,9,30,0,0,28,80,0,2,0,3,6,Ryan,Raburn,R,R,Colorado Rockies,1500000
154,reynoma01,COL,NL,118,393,61,111,24,0,14,53,1,2,42,112,1,4,0,2,6,Mark,Reynolds,R,R,Colorado Rockies,2600000
155,rusinch01,COL,NL,29,29,2,5,0,1,0,3,0,0,0,6,0,0,1,0,0,Chris,Rusin,L,L,Colorado Rockies,512500
156,storytr01,COL,NL,97,372,67,101,21,4,27,72,8,5,35,130,2,5,2,1,5,Trevor,Story,R,R,Colorado Rockies,507500
157,wolteto01,COL,NL,71,205,27,53,15,2,3,30,4,1,21,53,2,0,4,0,1,Tony,Wolters,L,R,Colorado Rockies,507500
158,allenco01,CLE,AL,67,0,0,0,0,0,0,0,0,0,0,0,0,0,0,0,0,Cody,Allen,R,R,Cleveland Indians,4150000
159,anderco01,CLE,AL,19,0,0,0,0,0,0,0,0,0,0,0,0,0,0,0,0,Cody,Anderson,R,R,Cleveland Indians,511400
160,bauertr01,CLE,AL,35,5,0,0,0,0,0,0,0,0,0,5,0,0,1,0,0,Trevor,Bauer,R,R,Cleveland Indians,1697500
161,brantmi02,CLE,AL,11,39,5,9,2,0,0,7,1,0,3,6,1,0,0,1,1,Michael,Brantley,L,L,Cleveland Indians,7375000
162,byrdma01,CLE,AL,34,115,11,31,6,0,5,19,0,0,11,38,1,0,0,3,1,Marlon,Byrd,R,R,Cleveland Indians,1000000
163,carraca01,CLE,AL,25,0,0,0,0,0,0,0,0,0,0,0,0,0,0,0,0,Carlos,Carrasco,R,R,Cleveland Indians,4500000
164,chiselo01,CLE,AL,126,385,43,110,25,5,8,57,6,0,23,70,2,3,3,4,4,Lonnie,Chisenhall,L,R,Cleveland Indians,2725000
165,cowgico01,CLE,AL,9,12,0,1,0,0,0,0,0,0,2,7,0,0,0,0,1,Collin,Cowgill,R,L,Cleveland Indians,1000000
166,davisra01,CLE,AL,134,454,74,113,23,2,12,48,43,6,33,106,0,5,1,2,9,Rajai,Davis,R,R,Cleveland Indians,5250000
167,detwiro01,CLE,AL,7,0,0,0,0,0,0,0,0,0,0,0,0,0,0,0,0,Ross,Detwiler,R,L,Cleveland Indians,1000000
168,gomesya01,CLE,AL,74,251,22,42,11,1,9,34,0,0,9,69,0,2,0,2,7,Yan,Gomes,R,R,Cleveland Indians,2583333
169,hunteto02,CLE,AL,21,0,0,0,0,0,0,0,0,0,0,0,0,0,0,0,0,Tommy,Hunter,R,R,Cleveland Indians,2000000
170,kipnija01,CLE,AL,156,610,91,168,41,4,23,82,15,3,60,146,0,6,5,7,21,Jason,Kipnis,L,R,Cleveland Indians,6166667
171,klubeco01,CLE,AL,32,4,1,1,1,0,0,0,0,0,0,3,0,0,2,0,0,Corey,Kluber,R,R,Cleveland Indians,4700000
172,lindofr01,CLE,AL,158,604,99,182,30,3,15,78,19,5,57,88,3,5,3,15,18,Francisco,Lindor,B,R,Cleveland Indians,540300
173,manshje01,CLE,AL,53,0,0,0,0,0,0,0,0,0,0,0,0,0,0,0,0,Jeff,Manship,R,R,Cleveland Indians,765000
174,mcallza01,CLE,AL,53,0,0,0,0,0,0,0,0,0,0,0,0,0,0,0,0,Zach,McAllister,R,R,Cleveland Indians,1300000
175,napolmi01,CLE,AL,150,557,92,133,22,1,34,101,5,1,78,194,2,5,0,5,15,Mike,Napoli,R,R,Cleveland Indians,7000000
176,naquity01,CLE,AL,116,321,52,95,18,5,14,43,6,3,36,112,4,4,2,2,4,Tyler,Naquin,L,R,Cleveland Indians,507500
177,oteroda01,CLE,AL,62,0,0,0,0,0,0,0,0,0,0,0,0,0,0,0,0,Dan,Otero,R,R,Cleveland Indians,520000
178,perezro02,CLE,AL,61,153,14,28,6,1,3,17,0,0,23,44,0,0,5,3,4,Roberto,Perez,R,R,Cleveland Indians,515800
179,ramirjo01,CLE,AL,152,565,84,176,46,3,11,76,22,7,44,62,1,4,1,4,10,Jose,Ramirez,B,R,Cleveland Indians,518200
180,salazda01,CLE,AL,25,5,1,0,0,0,0,0,0,0,0,3,0,0,0,0,0,Danny,Salazar,R,R,Cleveland Indians,536200
181,santaca01,CLE,AL,158,582,89,151,31,3,34,87,5,2,99,99,0,2,0,5,18,Carlos,Santana,B,R,Cleveland Indians,8450000
182,shawbr01,CLE,AL,75,0,0,0,0,0,0,0,0,0,0,0,0,0,0,0,0,Bryan,Shaw,B,R,Cleveland Indians,2750000
183,tomlijo01,CLE,AL,30,5,1,2,1,0,0,0,0,0,0,2,0,0,1,0,0,Josh,Tomlin,R,R,Cleveland Indians,2250000
184,uribeju01,CLE,AL,73,238,19,49,9,0,7,25,0,0,15,49,1,3,0,3,6,Juan,Uribe,R,R,Cleveland Indians,4000000
185,adamsma01,SLN,NL,118,297,37,74,18,0,16,54,0,1,25,81,1,2,0,3,5,Matt,Adams,L,R,St. Louis Cardinals,1650000
186,bowmama01,SLN,NL,59,1,0,0,0,0,0,0,0,0,0,1,0,0,1,0,0,Matthew,Bowman,R,R,St. Louis Cardinals,507500
187,broxtjo01,SLN,NL,66,0,0,0,0,0,0,0,0,0,0,0,0,0,0,0,0,Jonathan,Broxton,R,R,St. Louis Cardinals,3750000
188,carpema01,SLN,NL,129,473,81,128,36,6,21,68,0,4,81,108,6,5,3,4,4,Matt,Carpenter,L,R,St. Louis Cardinals,6500000
189,fryerer01,SLN,NL,24,38,7,14,2,0,0,5,0,1,3,7,0,0,0,0,0,Eric,Fryer,R,R,St. Louis Cardinals,575000
190,garcigr01,SLN,NL,99,214,33,59,11,0,3,17,1,1,38,50,4,4,0,1,3,Greg,Garcia,L,R,St. Louis Cardinals,507500
191,garcija02,SLN,NL,32,41,3,7,0,0,0,4,0,0,2,17,0,0,7,1,0,Jaime,Garcia,L,L,St. Louis Cardinals,11500000
192,grichra01,SLN,NL,132,446,66,107,29,3,24,68,5,4,28,141,0,3,0,1,9,Randal,Grichuk,R,R,St. Louis Cardinals,520000
193,gyorkje01,SLN,NL,128,400,58,97,9,1,30,59,0,0,37,96,1,0,0,1,11,Jedd,Gyorko,R,R,St. Louis Cardinals,4000000
194,hazelje01,SLN,NL,114,200,35,47,7,3,12,28,5,2,18,64,2,0,4,2,1,Jeremy,Hazelbaker,L,R,St. Louis Cardinals,507500
195,hollima01,SLN,NL,110,382,48,94,20,1,20,62,0,0,35,71,1,8,0,1,9,Matt,Holliday,R,R,St. Louis Cardinals,17000000
196,leakemi01,SLN,NL,34,49,3,7,1,0,0,4,0,0,3,19,0,0,3,0,3,Mike,Leake,R,R,St. Louis Cardinals,12000000
197,lyonsty01,SLN,NL,30,4,0,0,0,0,0,0,0,0,0,2,0,0,0,0,0,Tyler,Lyons,L,L,St. Louis Cardinals,512500
198,manesse01,SLN,NL,29,1,0,0,0,0,0,0,0,0,0,1,0,0,0,0,0,Seth,Maness,R,R,St. Louis Cardinals,1400000
199,martica04,SLN,NL,33,59,5,14,1,0,0,6,0,0,0,13,0,1,4,1,1,Carlos,Martinez,R,R,St. Louis Cardinals,539000
200,molinya01,SLN,NL,147,534,56,164,38,1,8,58,3,2,39,63,1,6,0,2,22,Yadier,Molina,R,R,St. Louis Cardinals,14200000
201,mossbr01,SLN,NL,128,413,66,93,19,2,28,67,1,0,39,141,3,7,0,5,8,Brandon,Moss,L,R,St. Louis Cardinals,8250000
202,ohse01,SLN,NL,76,2,0,0,0,0,0,0,0,0,0,2,0,0,0,0,0,Seunghwan,Oh,R,R,St. Louis Cardinals,2500000
203,penabr01,SLN,NL,9,13,0,2,1,0,0,0,0,0,1,2,0,0,0,0,0,Brayan,Pena,B,R,St. Louis Cardinals,2500000
204,peraljh01,SLN,NL,82,289,37,75,17,1,8,29,0,0,20,56,0,1,0,3,5,Jhonny,Peralta,R,R,St. Louis Cardinals,12500000
205,phamth01,SLN,NL,78,159,26,36,7,0,9,17,2,2,20,71,1,3,1,0,3,Tommy,Pham,R,R,St. Louis Cardinals,510000
206,piscost01,SLN,NL,153,582,86,159,35,3,22,85,7,5,51,133,0,12,1,2,14,Stephen,Piscotty,R,R,St. Louis Cardinals,512500
207,rosentr01,SLN,NL,45,1,0,0,0,0,0,0,0,0,0,1,0,0,0,0,0,Trevor,Rosenthal,R,R,St. Louis Cardinals,5600000
208,siegrke01,SLN,NL,67,0,0,0,0,0,0,0,0,0,0,0,0,0,0,0,0,Kevin,Siegrist,L,L,St. Louis Cardinals,539000
209,tejadru01,SLN,NL,23,34,6,6,2,0,0,3,0,0,2,8,0,1,0,3,1,Ruben,Tejada,R,R,St. Louis Cardinals,1500000
210,wachami01,SLN,NL,27,39,1,1,0,0,0,0,0,0,3,22,0,0,3,0,1,Michael,Wacha,R,R,St. Louis Cardinals,539000
211,wainwad01,SLN,NL,34,62,6,13,7,1,2,18,0,0,2,17,0,0,5,0,1,Adam,Wainwright,R,R,St. Louis Cardinals,19500000
212,wongko01,SLN,NL,121,313,39,75,7,7,5,23,7,0,34,52,2,9,0,5,3,Kolten,Wong,L,R,St. Louis Cardinals,1250000
213,baileho02,CIN,NL,6,10,0,1,0,0,0,0,0,0,1,1,0,0,0,0,1,Homer,Bailey,R,R,Cincinnati Reds,18000000
214,barnhtu01,CIN,NL,115,377,34,97,23,1,7,51,1,0,36,72,8,2,2,3,12,Tucker,Barnhart,B,R,Cincinnati Reds,517500
215,bruceja01,CIN,NL,97,370,60,98,22,6,25,80,4,2,27,83,3,2,0,3,11,Jay,Bruce,L,L,Cincinnati Reds,12541666
216,cingrto01,CIN,NL,65,0,1,0,0,0,0,0,0,0,1,0,0,0,0,0,0,Tony,Cingrani,L,L,Cincinnati Reds,530000
217,cothaca01,CIN,NL,23,0,0,0,0,0,0,0,0,0,0,0,0,0,0,0,0,Caleb,Cotham,R,R,Cincinnati Reds,509675
218,cozarza01,CIN,NL,121,464,67,117,28,2,16,50,4,1,37,84,3,2,1,4,9,Zack,Cozart,R,R,Cincinnati Reds,2925000
219,dejesiv02,CIN,NL,104,221,21,56,10,0,1,20,3,1,17,51,1,2,2,1,6,Ivan,De Jesus,R,R,Cincinnati Reds,517000
220,desclan01,CIN,NL,20,41,0,5,1,0,0,1,0,0,1,22,0,0,1,0,1,Anthony,DeSclafani,R,R,Cincinnati Reds,540000
221,diazju03,CIN,NL,45,1,0,0,0,0,0,0,0,0,0,0,0,0,0,0,0,Jumbo,Diaz,R,R,Cincinnati Reds,525000
222,duvalad01,CIN,NL,150,552,85,133,31,6,33,103,6,5,41,164,1,6,0,8,7,Adam,Duvall,R,R,Cincinnati Reds,510000
223,finnebr01,CIN,NL,33,53,4,6,2,0,0,2,0,0,3,18,0,0,5,0,2,Brandon,Finnegan,L,L,Cincinnati Reds,511500
224,hamilbi02,CIN,NL,119,411,69,107,19,3,3,17,58,8,36,93,0,1,11,1,5,Billy,Hamilton,B,R,Cincinnati Reds,570000
225,holtty01,CIN,NL,106,179,21,42,5,3,0,13,4,3,23,48,0,2,3,1,6,Tyler,Holt,R,R,Cincinnati Reds,508000
226,hoovejj01,CIN,NL,18,0,0,0,0,0,0,0,0,0,0,0,0,0,0,0,0,J. J.,Hoover,R,R,Cincinnati Reds,1400000
227,iglesra01,CIN,NL,37,11,0,1,0,0,0,0,0,0,0,2,0,0,0,0,0,Raisel,Iglesias,R,R,Cincinnati Reds,3214285
228,lambjo02,CIN,NL,14,20,0,1,0,0,0,0,0,0,1,12,0,0,1,0,0,John,Lamb,L,L,Cincinnati Reds,507500
229,lorenmi01,CIN,NL,36,5,1,1,0,0,1,3,0,0,0,2,0,0,0,0,0,Michael,Lorenzen,R,R,Cincinnati Reds,516500
230,mesorde01,CIN,NL,16,50,2,7,1,0,0,1,0,1,5,10,0,0,0,0,3,Devin,Mesoraco,R,R,Cincinnati Reds,5025000
231,moscojo01,CIN,NL,5,4,0,0,0,0,0,0,0,0,0,3,0,1,2,0,0,Jon,Moscot,R,R,Cincinnati Reds,508000
232,ohlenro01,CIN,NL,64,0,0,0,0,0,0,0,0,0,0,0,0,0,0,0,0,Ross,Ohlendorf,R,R,Cincinnati Reds,800000
233,phillbr01,CIN,NL,141,550,74,160,34,1,11,64,14,8,18,68,3,8,2,6,17,Brandon,Phillips,R,R,Cincinnati Reds,13083333
234,sampske01,CIN,NL,18,7,0,0,0,0,0,0,0,0,0,6,0,0,0,0,0,Keyvius,Sampson,R,R,Cincinnati Reds,507500
235,schebsc01,CIN,NL,82,257,36,68,12,2,9,40,2,4,19,59,2,6,0,0,5,Scott,Schebler,L,R,Cincinnati Reds,507500
236,simonal01,CIN,NL,15,14,0,1,0,0,0,1,0,0,1,7,0,1,3,0,1,Alfredo,Simon,R,R,Cincinnati Reds,2000000
237,straida01,CIN,NL,34,52,2,1,0,0,0,1,0,0,2,40,0,0,11,0,0,Dan,Straily,R,R,Cincinnati Reds,512100
238,suareeu01,CIN,NL,159,565,78,140,25,2,21,70,11,5,51,155,0,8,0,3,10,Eugenio,Suarez,R,R,Cincinnati Reds,545000
239,vottojo01,CIN,NL,158,556,101,181,34,2,29,97,8,1,108,120,15,5,0,8,16,Joey,Votto,L,R,Cincinnati Reds,20000000
240,woodbl01,CIN,NL,70,2,0,0,0,0,0,0,0,0,0,2,0,0,0,0,0,Blake,Wood,R,R,Cincinnati Reds,600000
241,adriaeh01,SFN,NL,40,63,3,16,2,0,2,7,0,1,2,13,0,2,4,0,0,Ehire,Adrianza,B,R,San Francisco Giants,512500
242,beltbr01,SFN,NL,156,542,77,149,41,8,17,82,0,4,104,148,4,5,0,4,7,Brandon,Belt,L,L,San Francisco Giants,6200000
243,blancgr01,SFN,NL,106,241,28,54,10,4,1,18,6,3,29,51,4,1,1,1,5,Gregor,Blanco,L,L,San Francisco Giants,3900000
244,browntr01,SFN,NL,75,173,17,41,7,0,5,19,0,1,10,39,0,1,0,0,2,Trevor,Brown,R,R,San Francisco Giants,508500
245,bumgama01,SFN,NL,36,86,8,16,6,0,3,9,0,0,10,43,0,0,0,1,1,Madison,Bumgarner,R,L,San Francisco Giants,9916667
246,cainma01,SFN,NL,21,27,1,2,1,0,1,5,0,0,0,17,0,0,1,0,0,Matt,Cain,R,R,San Francisco Giants,20833333
247,crawfbr01,SFN,NL,155,553,67,152,28,11,12,84,7,0,57,115,10,4,0,9,13,Brandon,Crawford,L,R,San Francisco Giants,6000000
248,cuetojo01,SFN,NL,32,70,1,8,0,0,0,5,0,0,2,24,0,0,11,1,2,Johnny,Cueto,R,R,San Francisco Giants,17500000
249,garcija01,SFN,NL,62,0,0,0,0,0,0,0,0,0,0,0,0,0,0,0,0,Santiago,Casilla,R,R,San Francisco Giants,6500000
250,gearrco01,SFN,NL,56,1,0,1,0,0,0,0,0,0,0,0,0,0,0,0,0,Cory,Gearrin,R,R,San Francisco Giants,550000
251,hestoch01,SFN,NL,4,0,0,0,0,0,0,0,0,0,0,0,0,0,0,0,0,Chris,Heston,R,R,San Francisco Giants,530000
252,kontoge01,SFN,NL,57,0,0,0,0,0,0,0,0,0,0,0,0,0,0,0,0,George,Kontos,R,R,San Francisco Giants,1150000
253,lopezja02,SFN,NL,68,1,0,0,0,0,0,0,0,0,0,1,0,0,0,0,0,Javier,Lopez,L,L,San Francisco Giants,5000000
254,osichjo01,SFN,NL,59,0,0,0,0,0,0,0,0,0,0,0,0,0,0,0,0,Josh,Osich,L,L,San Francisco Giants,512500
255,paganan01,SFN,NL,129,495,71,137,24,5,12,55,15,4,42,66,1,0,0,3,11,Angel,Pagan,B,R,San Francisco Giants,11250000
256,panikjo01,SFN,NL,127,464,67,111,21,7,10,62,5,0,50,47,5,4,3,5,14,Joe,Panik,L,R,San Francisco Giants,545000
257,peavyja01,SFN,NL,31,27,2,5,0,0,0,3,0,0,2,12,0,0,2,0,0,Jake,Peavy,R,R,San Francisco Giants,15000000
258,pencehu01,SFN,NL,106,395,58,114,23,1,13,57,1,1,43,95,1,1,0,3,10,Hunter,Pence,R,R,San Francisco Giants,18700000
259,poseybu01,SFN,NL,146,539,82,155,33,2,14,80,6,1,64,68,7,3,0,8,18,Buster,Posey,R,R,San Francisco Giants,20777778
260,romose01,SFN,NL,40,0,0,0,0,0,0,0,0,0,0,0,0,0,0,0,0,Sergio,Romo,R,R,San Francisco Giants,9000000
261,samarje01,SFN,NL,34,64,4,10,5,0,0,9,0,0,1,28,0,0,2,2,3,Jeff,Samardzija,R,R,San Francisco Giants,10800000
262,spande01,SFN,NL,143,572,70,152,23,5,11,53,12,7,53,79,2,4,6,2,8,Denard,Span,L,L,San Francisco Giants,5000000
263,strichu01,SFN,NL,72,0,0,0,0,0,0,0,0,0,0,0,0,0,0,0,0,Hunter,Strickland,R,R,San Francisco Giants,517500
264,tomlike01,SFN,NL,52,106,13,31,4,0,0,6,5,1,12,18,1,1,1,0,1,Kelby,Tomlinson,R,R,San Francisco Giants,512500
265,ahmedni01,ARI,NL,90,284,26,62,9,1,4,20,5,2,15,58,3,4,2,3,9,Nick,Ahmed,R,R,Arizona Diamondbacks,521600
266,barreja01,ARI,NL,68,0,0,0,0,0,0,0,0,0,0,0,0,0,0,0,0,Jake,Barrett,R,R,Arizona Diamondbacks,507500
267,brachsi01,ARI,NL,26,1,0,0,0,0,0,0,0,0,0,1,0,0,0,0,0,Silvino,Bracho,R,R,Arizona Diamondbacks,509300
268,britoso01,ARI,NL,40,95,10,17,3,1,4,12,2,0,2,23,0,0,0,0,3,Socrates,Brito,L,L,Arizona Diamondbacks,508500
269,castiwe01,ARI,NL,113,416,41,110,24,0,14,68,2,0,33,121,3,4,0,4,5,Welington,Castillo,R,R,Arizona Diamondbacks,3700000
270,chafian01,ARI,NL,32,0,0,0,0,0,0,0,0,0,0,0,0,0,0,0,0,Andrew,Chafin,R,L,Arizona Diamondbacks,519700
271,clippty01,ARI,NL,40,0,0,0,0,0,0,0,0,0,0,0,0,0,0,0,0,Tyler,Clippard,R,R,Arizona Diamondbacks,6100000
272,corbipa01,ARI,NL,38,49,7,15,3,1,0,4,0,1,1,14,0,0,3,0,0,Patrick,Corbin,L,L,Arizona Diamondbacks,2525000
273,delarru01,ARI,NL,13,14,0,1,0,0,0,1,0,0,0,3,0,0,3,0,1,Rubby,De La Rosa,R,R,Arizona Diamondbacks,2350000
274,delgara01,ARI,NL,79,2,0,0,0,0,0,0,0,0,0,0,0,0,0,0,0,Randall,Delgado,R,R,Arizona Diamondbacks,1275000
275,drurybr01,ARI,NL,134,461,59,130,31,1,16,53,1,1,31,100,2,3,0,4,14,Brandon,Drury,R,R,Arizona Diamondbacks,508900
276,goldspa01,ARI,NL,158,579,106,172,33,3,24,95,32,5,110,150,15,7,0,8,14,Paul,Goldschmidt,R,R,Arizona Diamondbacks,5833333
277,gosseph01,ARI,NL,122,220,26,61,12,1,2,13,3,0,15,46,0,1,2,2,0,Philip,Gosselin,R,R,Arizona Diamondbacks,513900
278,greinza01,ARI,NL,27,52,4,11,1,0,0,3,1,0,3,9,0,0,3,2,0,Zack,Greinke,R,R,Arizona Diamondbacks,31799030
279,herrmch01,ARI,NL,56,148,21,42,5,4,6,28,4,0,16,44,1,0,1,1,2,Chris,Herrmann,L,R,Arizona Diamondbacks,515900
280,hudsoda01,ARI,NL,70,0,0,0,0,0,0,0,0,0,0,0,0,0,0,0,0,Daniel,Hudson,R,R,Arizona Diamondbacks,2700000
281,lambja01,ARI,NL,151,523,81,130,31,9,29,91,6,1,64,154,5,3,0,4,13,Jake,Lamb,L,R,Arizona Diamondbacks,520300
282,millesh01,ARI,NL,21,32,4,4,1,1,0,0,0,0,0,21,0,0,2,0,0,Shelby,Miller,R,R,Arizona Diamondbacks,4350000
283,owingch01,ARI,NL,119,437,52,121,24,11,5,49,21,2,20,87,4,5,2,2,8,Chris,Owings,R,R,Arizona Diamondbacks,530500
284,peralda01,ARI,NL,48,171,23,43,9,5,4,15,2,0,8,42,1,3,0,1,3,David,Peralta,L,L,Arizona Diamondbacks,529600
285,polloaj01,ARI,NL,12,41,9,10,0,0,2,4,4,0,5,8,0,0,0,0,1,AJ,Pollock,R,R,Arizona Diamondbacks,3500000
286,rayro02,ARI,NL,32,53,3,10,2,0,1,2,0,0,1,26,0,0,6,0,0,Robbie,Ray,L,L,Arizona Diamondbacks,521000
287,segurje01,ARI,NL,153,637,102,203,41,7,20,64,33,10,39,101,1,12,4,2,6,Jean,Segura,R,R,Arizona Diamondbacks,2600000
288,tomasya01,ARI,NL,140,530,72,144,30,1,31,83,2,4,31,136,4,1,0,1,18,Yasmany,Tomas,R,R,Arizona Diamondbacks,7500000
289,weeksri01,ARI,NL,108,180,29,43,9,1,9,27,5,0,20,54,0,4,0,1,8,Rickie,Weeks,R,R,Arizona Diamondbacks,1500000
290,zieglbr01,ARI,NL,36,0,0,0,0,0,0,0,0,0,0,0,0,0,0,0,0,Brad,Ziegler,R,R,Arizona Diamondbacks,5500000
291,alberha01,TEX,AL,35,56,2,8,1,0,0,5,1,0,0,17,0,0,2,0,1,Hanser,Alberto,R,R,Texas Rangers,511500
292,andruel01,TEX,AL,147,506,75,153,31,7,8,69,24,8,47,70,2,4,4,7,18,Elvis,Andrus,R,R,Texas Rangers,15333333
293,barneto01,TEX,AL,53,0,0,0,0,0,0,0,0,0,0,0,0,0,0,0,0,Tony,Barnette,R,R,Texas Rangers,1500000
294,beltrad01,TEX,AL,153,583,89,175,31,1,32,104,1,1,48,66,6,6,0,3,10,Adrian,Beltre,R,R,Texas Rangers,18000000
295,chiriro01,TEX,AL,57,147,21,33,11,0,9,20,0,1,15,44,0,5,1,2,4,Robinson,Chirinos,R,R,Texas Rangers,1550000
296,choosh01,TEX,AL,48,178,27,43,7,0,7,17,6,3,25,46,1,7,0,0,1,Shin-Soo,Choo,L,L,Texas Rangers,20000000
297,darviyu01,TEX,AL,17,3,1,1,0,0,1,1,0,0,0,1,0,0,0,0,1,Yu,Darvish,R,R,Texas Rangers,10000000
298,deshide02,TEX,AL,74,182,36,38,7,0,4,13,8,3,15,54,0,2,3,1,1,Delino,DeShields,R,R,Texas Rangers,517300
299,desmoia01,TEX,AL,156,625,107,178,29,3,22,86,21,6,44,160,2,5,0,3,11,Ian,Desmond,R,R,Texas Rangers,8000000
300,diekmja01,TEX,AL,66,0,0,0,0,0,0,0,0,0,0,0,0,0,0,0,0,Jake,Diekman,L,L,Texas Rangers,1255000
301,dysonsa01,TEX,AL,73,0,0,0,0,0,0,0,0,0,0,0,0,0,0,0,0,Sam,Dyson,R,R,Texas Rangers,525270
302,faulkan01,TEX,AL,9,0,0,0,0,0,0,0,0,0,0,0,0,0,0,0,0,Andrew,Faulkner,R,L,Texas Rangers,508500
303,fieldpr01,TEX,AL,89,326,29,69,16,0,8,44,0,0,32,63,1,7,0,5,12,Prince,Fielder,L,R,Texas Rangers,24000000
304,hamelco01,TEX,AL,32,8,0,1,0,0,0,0,0,0,0,1,0,0,0,0,0,Cole,Hamels,L,L,Texas Rangers,22500000
305,holadbr01,TEX,AL,30,84,14,20,6,1,2,13,0,1,5,16,0,2,1,2,0,Bryan,Holaday,R,R,Texas Rangers,519000
306,jackslu01,TEX,AL,8,0,0,0,0,0,0,0,0,0,0,0,0,0,0,0,0,Luke,Jackson,R,R,Texas Rangers,508500
307,kelake01,TEX,AL,35,0,0,0,0,0,0,0,0,0,0,0,0,0,0,0,0,Keone,Kela,R,R,Texas Rangers,518000
308,kleinph01,TEX,AL,8,0,0,0,0,0,0,0,0,0,0,0,0,0,0,0,0,Phil,Klein,R,R,Texas Rangers,509500
309,lewisco01,TEX,AL,19,0,0,0,0,0,0,0,0,0,0,0,0,0,0,0,0,Colby,Lewis,R,R,Texas Rangers,6000000
310,morelmi01,TEX,AL,147,460,49,107,21,0,22,60,1,0,35,118,5,8,0,0,8,Mitch,Moreland,L,L,Texas Rangers,5700000
311,odorro01,TEX,AL,150,605,89,164,33,4,33,88,14,7,19,135,0,4,0,4,6,Rougned,Odor,L,R,Texas Rangers,522700
312,perezma02,TEX,AL,33,3,0,1,0,0,0,0,0,0,0,1,0,0,1,0,0,Martin,Perez,L,L,Texas Rangers,3150000
313,ruary01,TEX,AL,99,240,40,62,8,1,8,22,9,0,21,76,2,6,0,2,8,Ryan,Rua,R,R,Texas Rangers,510120
314,ruggiju01,TEX,AL,1,4,0,1,1,0,0,1,0,0,0,1,0,0,0,0,0,Justin,Ruggiano,R,R,Texas Rangers,1650000
315,schepta01,TEX,AL,10,0,0,0,0,0,0,0,0,0,0,0,0,0,0,0,0,Tanner,Scheppers,R,R,Texas Rangers,900000
316,tollesh01,TEX,AL,37,1,0,0,0,0,0,0,0,0,0,1,0,0,0,0,0,Shawn,Tolleson,R,R,Texas Rangers,3275000
317,wilheto01,TEX,AL,21,0,0,0,0,0,0,0,0,0,0,0,0,0,0,0,0,Tom,Wilhelmsen,R,R,Texas Rangers,3100000
318,alonsyo01,OAK,AL,156,482,52,122,34,0,7,56,3,1,45,74,1,1,0,4,15,Yonder,Alonso,L,R,Oakland Athletics,2650000
319,axforjo01,OAK,AL,68,0,0,0,0,0,0,0,0,0,0,0,0,0,0,0,0,John,Axford,R,R,Oakland Athletics,4500000
320,bassich01,OAK,AL,5,0,0,0,0,0,0,0,0,0,0,0,0,0,0,0,0,Chris,Bassitt,R,R,Oakland Athletics,510000
321,burnsbi02,OAK,AL,73,274,32,64,11,4,0,12,14,3,10,30,2,4,3,1,3,Billy,Burns,B,R,Oakland Athletics,512500
322,butlebi03,OAK,AL,85,221,24,61,16,0,4,31,0,0,19,34,1,0,0,2,13,Billy,Butler,R,R,Oakland Athletics,11666667
323,canhama01,OAK,AL,16,41,4,5,0,0,3,6,0,1,0,20,0,1,1,1,1,Mark,Canha,R,R,Oakland Athletics,512500
324,coghlch01,OAK,AL,51,158,14,23,5,0,5,14,1,1,13,47,1,1,0,0,2,Chris,Coghlan,L,R,Oakland Athletics,4800000
325,crispco01,OAK,AL,102,393,45,92,24,4,11,47,7,5,37,65,2,0,2,2,6,Coco,Crisp,B,R,Oakland Athletics,11000000
326,daviskh01,OAK,AL,150,555,85,137,24,2,42,102,1,2,42,166,0,8,0,5,19,Khris,Davis,R,R,Oakland Athletics,524500
327,doolise01,OAK,AL,44,0,0,0,0,0,0,0,0,0,0,0,0,0,0,0,0,Sean,Doolittle,L,L,Oakland Athletics,1580000
328,dullry01,OAK,AL,70,0,0,0,0,0,0,0,0,0,0,0,0,0,0,0,0,Ryan,Dull,R,R,Oakland Athletics,507500
329,graveke01,OAK,AL,31,4,0,0,0,0,0,0,0,0,0,3,0,0,1,0,0,Kendall,Graveman,R,R,Oakland Athletics,512500
330,grayso01,OAK,AL,22,2,0,0,0,0,0,0,0,0,0,1,0,0,1,0,0,Sonny,Gray,R,R,Oakland Athletics,527500
331,hendrli01,OAK,AL,53,0,0,0,0,0,0,0,0,0,0,0,0,0,0,0,0,Liam,Hendriks,R,R,Oakland Athletics,523400
332,hillri01,OAK,AL,14,0,0,0,0,0,0,0,0,0,0,0,0,0,0,0,0,Rich,Hill,L,L,Oakland Athletics,6000000
333,lowrije01,OAK,AL,87,338,30,89,12,1,2,27,0,0,26,65,0,1,0,4,10,Jed,Lowrie,B,R,Oakland Athletics,7500000
334,madsory01,OAK,AL,63,1,0,0,0,0,0,0,0,0,0,1,0,0,0,0,0,Ryan,Madson,L,R,Oakland Athletics,6666667
335,phegljo01,OAK,AL,26,78,11,20,6,0,1,10,0,0,5,13,0,2,0,1,4,Josh,Phegley,R,R,Oakland Athletics,512500
336,reddijo01,OAK,AL,68,243,33,72,11,1,8,28,5,0,28,34,5,0,0,1,7,Josh,Reddick,L,R,Oakland Athletics,6575000
337,rodrife02,OAK,AL,34,0,0,0,0,0,0,0,0,0,0,0,0,0,0,0,0,Fernando,Rodriguez,R,R,Oakland Athletics,1050000
338,rzepcma01,OAK,AL,56,0,0,0,0,0,0,0,0,0,0,0,0,0,0,0,0,Marc,Rzepczynski,L,L,Oakland Athletics,2950000
339,semiema01,OAK,AL,159,568,72,135,27,2,27,75,10,2,51,139,1,0,1,1,12,Marcus,Semien,R,R,Oakland Athletics,512500
340,valenda01,OAK,AL,130,471,72,135,22,1,17,51,1,1,41,115,1,3,0,2,11,Danny,Valencia,R,R,Oakland Athletics,3150000
341,vogtst01,OAK,AL,137,490,54,123,30,2,14,56,0,0,35,83,3,4,0,3,6,Stephen,Vogt,L,R,Oakland Athletics,527500
342,buterdr01,KCA,AL,56,123,18,35,10,1,4,16,0,0,8,36,0,0,2,0,2,Drew,Butera,R,R,Kansas City Royals,1162500
343,cainlo01,KCA,AL,103,397,56,114,19,1,9,56,14,5,31,84,3,2,0,4,15,Lorenzo,Cain,R,R,Kansas City Royals,6500000
344,colonch01,KCA,AL,54,147,13,34,6,0,1,13,0,1,11,31,0,2,1,0,4,Christian,Colon,R,R,Kansas City Royals,518425
345,daviswa01,KCA,AL,45,0,0,0,0,0,0,0,0,0,0,0,0,0,0,0,0,Wade,Davis,R,R,Kansas City Royals,8000000
346,duffyda01,KCA,AL,42,5,1,1,0,0,0,1,0,0,0,1,0,0,1,0,0,Danny,Duffy,L,L,Kansas City Royals,4225000
347,dysonja01,KCA,AL,107,299,46,83,14,8,1,25,30,7,26,39,2,3,8,1,4,Jarrod,Dyson,L,R,Kansas City Royals,1725000
348,escobal02,KCA,AL,162,637,57,166,24,6,7,55,17,4,27,96,2,3,10,5,16,Alcides,Escobar,R,R,Kansas City Royals,5250000
349,fuentre01,KCA,AL,13,41,2,13,1,0,0,5,0,2,3,8,0,0,0,0,0,Rey,Fuentes,L,L,Kansas City Royals,508450
350,geedi01,KCA,AL,33,1,0,0,0,0,0,0,0,0,0,0,0,0,2,0,0,Dillon,Gee,R,R,Kansas City Royals,2000000
351,gordoal01,KCA,AL,128,445,62,98,16,2,17,40,8,1,52,148,3,8,0,1,9,Alex,Gordon,L,R,Kansas City Royals,12000000
352,gorete01,KCA,AL,17,3,6,0,0,0,0,0,11,2,0,1,0,0,0,0,0,Terrance,Gore,R,R,Kansas City Royals,508500
353,herreke01,KCA,AL,72,0,0,0,0,0,0,0,0,0,0,0,0,0,0,0,0,Kelvin,Herrera,R,R,Kansas City Royals,2550000
354,hochelu01,KCA,AL,40,0,0,0,0,0,0,0,0,0,0,0,0,0,0,0,0,Luke,Hochevar,R,R,Kansas City Royals,5500000
355,hosmeer01,KCA,AL,158,605,80,161,24,1,25,104,5,3,57,132,5,1,0,4,18,Eric,Hosmer,L,L,Kansas City Royals,8250000
356,infanom01,KCA,AL,39,134,16,32,9,1,0,11,0,0,9,23,0,0,2,4,0,Omar,Infante,R,R,Kansas City Royals,7750000
357,kenneia01,KCA,AL,33,3,0,0,0,0,0,0,0,0,0,2,0,0,0,0,0,Ian,Kennedy,R,R,Kansas City Royals,7500000
358,medlekr01,KCA,AL,6,0,0,0,0,0,0,0,0,0,0,0,0,0,0,0,0,Kris,Medlen,B,R,Kansas City Royals,5500000
359,moralke01,KCA,AL,154,558,65,147,24,0,30,93,0,0,48,120,2,7,0,5,20,Kendrys,Morales,B,R,Kansas City Royals,9000000
360,moustmi01,KCA,AL,27,104,12,25,6,0,7,13,0,1,9,13,0,0,0,0,5,Mike,Moustakas,L,R,Kansas City Royals,5600000
361,orlanpa01,KCA,AL,128,457,52,138,24,4,5,43,14,3,13,105,1,7,3,3,12,Paulo,Orlando,R,R,Kansas City Royals,514250
362,perezsa02,KCA,AL,139,514,57,127,28,2,22,64,0,0,22,119,3,8,0,2,12,Salvador,Perez,R,R,Kansas City Royals,2000000
363,soriajo01,KCA,AL,70,0,0,0,0,0,0,0,0,0,0,0,0,0,0,0,0,Joakim,Soria,R,R,Kansas City Royals,7000000
364,vargaja01,KCA,AL,3,0,0,0,0,0,0,0,0,0,0,0,0,0,0,0,0,Jason,Vargas,L,L,Kansas City Royals,8500000
365,ventuyo01,KCA,AL,32,3,0,1,0,0,0,0,0,0,0,2,0,0,0,0,0,Yordano,Ventura,R,R,Kansas City Royals,1200000
366,volqued01,KCA,AL,34,5,0,0,0,0,0,0,0,0,0,3,0,0,0,0,0,Edinson,Volquez,R,R,Kansas City Royals,9500000
367,wangch01,KCA,AL,38,0,0,0,0,0,0,0,0,0,0,0,0,0,0,0,0,Chien-Ming,Wang,R,R,Kansas City Royals,1000000
368,youngch03,KCA,AL,34,1,0,0,0,0,0,0,0,0,0,0,0,0,0,0,0,Chris,Young,R,R,Kansas City Royals,4250000
369,altheaa01,PHI,NL,57,198,23,39,6,0,4,22,7,2,23,69,2,6,0,0,4,Aaron,Altherr,R,R,Philadelphia Phillies,515500
370,ascheco01,PHI,NL,71,197,22,42,15,0,4,18,3,1,18,54,0,2,0,1,1,Cody,Asche,L,R,Philadelphia Phillies,530000
371,blancan01,PHI,NL,90,190,26,48,15,1,4,21,2,3,11,41,0,7,0,1,7,Andres,Blanco,B,R,Philadelphia Phillies,1450000
372,bourjpe01,PHI,NL,123,355,40,89,20,7,5,23,6,4,17,91,2,4,6,1,6,Peter,Bourjos,R,R,Philadelphia Phillies,2000000
373,burriem01,PHI,NL,39,45,3,5,1,1,0,0,1,0,2,10,0,2,1,0,1,Emmanuel,Burriss,B,R,Philadelphia Phillies,925000
374,eickhje01,PHI,NL,33,61,4,8,3,0,0,5,0,0,1,12,0,0,0,0,3,Jerad,Eickhoff,R,R,Philadelphia Phillies,516000
375,francma02,PHI,NL,152,581,67,148,23,1,25,88,1,1,40,106,7,5,0,4,13,Maikel,Franco,R,R,Philadelphia Phillies,517500
376,galvifr01,PHI,NL,158,584,61,141,26,3,20,67,17,6,25,136,6,3,8,4,16,Freddy,Galvis,B,R,Philadelphia Phillies,2000000
377,goeddty01,PHI,NL,92,213,17,41,3,3,4,16,3,0,17,52,0,2,1,1,4,Tyler,Goeddel,R,R,Philadelphia Phillies,507500
378,gomezje01,PHI,NL,70,0,0,0,0,0,0,0,0,0,0,0,0,0,0,0,0,Jeanmar,Gomez,R,R,Philadelphia Phillies,1400000
379,hellije01,PHI,NL,32,54,3,9,1,0,0,4,0,0,4,24,0,0,8,0,1,Jeremy,Hellickson,R,R,Philadelphia Phillies,7000000
380,hernace02,PHI,NL,155,547,67,161,14,11,6,39,17,13,66,116,4,2,5,2,6,Cesar,Hernandez,B,R,Philadelphia Phillies,525000
381,hernada01,PHI,NL,70,0,0,0,0,0,0,0,0,0,0,0,0,0,0,0,0,David,Hernandez,R,R,Philadelphia Phillies,3900000
382,herreod01,PHI,NL,159,583,87,167,21,6,15,49,25,7,63,134,7,6,2,2,6,Odubel,Herrera,L,R,Philadelphia Phillies,528000
383,hinojda01,PHI,NL,10,0,0,0,0,0,0,0,0,0,0,0,0,0,0,0,0,Dalier,Hinojosa,R,R,Philadelphia Phillies,514000
384,huntece01,PHI,NL,13,34,3,3,0,0,1,1,0,0,2,6,0,0,0,0,1,Cedric,Hunter,L,L,Philadelphia Phillies,507500
385,mortoch02,PHI,NL,4,6,1,1,0,0,0,0,0,0,0,3,0,0,1,0,1,Charlie,Morton,R,R,Philadelphia Phillies,8000000
386,nerishe01,PHI,NL,79,0,0,0,0,0,0,0,0,0,0,0,0,0,0,0,0,Hector,Neris,R,R,Philadelphia Phillies,515000
387,nolaaa01,PHI,NL,20,30,1,1,1,0,0,0,0,0,3,17,0,1,1,0,1,Aaron,Nola,R,R,Philadelphia Phillies,517500
388,oberhbr01,PHI,NL,26,7,0,1,0,0,0,0,0,0,0,2,0,0,0,0,0,Brett,Oberholtzer,L,L,Philadelphia Phillies,518000
389,rufda01,PHI,NL,43,83,8,17,2,0,3,9,0,1,4,25,0,0,0,2,5,Darin,Ruf,R,R,Philadelphia Phillies,527000
390,ruizca01,PHI,NL,48,165,18,43,6,0,3,12,3,1,24,28,1,4,0,0,3,Carlos,Ruiz,R,R,Philadelphia Phillies,8500000
391,ruppca01,PHI,NL,105,389,36,98,26,1,16,54,1,0,24,114,0,5,0,1,11,Cameron,Rupp,R,R,Philadelphia Phillies,518000
392,russeja02,PHI,NL,7,0,0,0,0,0,0,0,0,0,0,0,0,0,0,0,0,James,Russell,L,L,Philadelphia Phillies,1500000
393,stumpda01,PHI,NL,7,0,0,0,0,0,0,0,0,0,0,0,0,0,0,0,0,Daniel,Stumpf,L,L,Philadelphia Phillies,507500
394,velasvi01,PHI,NL,24,40,4,8,1,0,0,0,0,0,1,16,0,0,3,0,1,Vince,Velasquez,R,R,Philadelphia Phillies,516000
395,arrieja01,CHN,NL,31,65,7,17,2,1,2,7,0,0,4,28,0,0,1,0,1,Jake,Arrieta,R,R,Chicago Cubs,10700000
396,baezja01,CHN,NL,142,421,50,115,19,1,14,59,12,3,15,108,3,11,1,2,8,Javier,Baez,R,R,Chicago Cubs,512000
397,bryankr01,CHN,NL,155,603,121,176,35,3,39,102,8,5,75,154,5,18,0,3,3,Kris,Bryant,R,R,Chicago Cubs,652000
398,cahiltr01,CHN,NL,51,8,1,1,0,0,0,1,0,0,1,4,0,0,2,0,0,Trevor,Cahill,R,R,Chicago Cubs,4250000
399,fowlede01,CHN,NL,125,456,84,126,25,7,13,48,13,4,79,124,0,11,1,4,3,Dexter,Fowler,B,R,Chicago Cubs,8000000
400,grimmju01,CHN,NL,68,0,0,0,0,0,0,0,0,0,0,0,0,0,0,0,0,Justin,Grimm,R,R,Chicago Cubs,1275000
401,hammeja01,CHN,NL,35,65,6,16,3,0,0,7,0,0,1,24,0,0,3,0,0,Jason,Hammel,R,R,Chicago Cubs,9000000
402,hendrky01,CHN,NL,32,58,1,8,0,0,0,2,0,0,1,29,0,1,8,0,0,Kyle,Hendricks,R,R,Chicago Cubs,541000
403,heywaja01,CHN,NL,142,530,61,122,27,1,7,49,11,4,54,93,0,5,1,2,12,Jason,Heyward,L,L,Chicago Cubs,19555288
404,lackejo01,CHN,NL,29,63,1,6,2,0,0,2,0,0,2,31,0,0,4,0,1,John,Lackey,R,R,Chicago Cubs,16000000
405,lasteto01,CHN,NL,74,148,17,40,12,1,2,11,0,1,18,27,1,2,0,0,2,Tommy,La Stella,L,R,Chicago Cubs,532000
406,lestejo01,CHN,NL,33,59,3,6,3,0,0,6,0,0,6,18,0,0,10,0,2,Jon,Lester,L,L,Chicago Cubs,25000000
407,montemi01,CHN,NL,86,241,33,52,8,1,8,33,1,0,38,58,5,3,0,2,8,Miguel,Montero,L,R,Chicago Cubs,14000000
408,ramirne01,CHN,NL,8,0,0,0,0,0,0,0,0,0,0,0,0,0,0,0,0,Neil,Ramirez,R,R,Chicago Cubs,524500
409,richacl01,CHN,NL,26,1,0,0,0,0,0,0,0,0,0,0,0,0,0,0,0,Clayton,Richard,L,L,Chicago Cubs,2000000
410,rizzoan01,CHN,NL,155,583,94,170,43,4,32,109,3,5,74,108,8,16,0,3,13,Anthony,Rizzo,L,L,Chicago Cubs,5285714
411,rondohe01,CHN,NL,54,1,0,0,0,0,0,0,0,0,0,1,0,0,0,0,0,Hector,Rondon,R,R,Chicago Cubs,4200000
412,rossda01,CHN,NL,67,166,24,38,6,0,10,32,0,1,30,54,6,0,4,5,3,David,Ross,R,R,Chicago Cubs,2500000
413,russead02,CHN,NL,151,525,67,125,25,3,21,95,5,1,55,135,6,12,0,6,11,Addison,Russell,R,R,Chicago Cubs,527000
414,schwaky01,CHN,NL,2,4,0,0,0,0,0,0,0,0,1,2,0,0,0,0,0,Kyle,Schwarber,L,R,Chicago Cubs,522000
415,solerjo01,CHN,NL,86,227,37,54,9,0,12,31,0,0,31,66,0,3,0,3,5,Jorge,Soler,R,R,Chicago Cubs,3666666
416,stroppe01,CHN,NL,55,1,0,0,0,0,0,0,0,0,0,0,0,0,0,0,0,Pedro,Strop,R,R,Chicago Cubs,4400000
417,szczuma01,CHN,NL,107,185,30,48,9,1,5,24,2,4,13,39,2,1,1,0,2,Matt,Szczur,R,R,Chicago Cubs,511500
418,warread01,CHN,NL,29,3,0,0,0,0,0,0,0,0,0,3,0,0,1,0,0,Adam,Warren,R,R,Chicago Cubs,1700000
419,woodtr01,CHN,NL,81,11,0,2,0,0,0,1,0,0,1,5,0,0,0,0,0,Travis,Wood,R,L,Chicago Cubs,6170000
420,zobribe01,CHN,NL,147,523,94,142,31,3,18,76,6,4,96,82,6,4,4,4,17,Ben,Zobrist,B,R,Chicago Cubs,10500000
421,aokino01,SEA,AL,118,417,63,118,24,4,4,28,7,9,34,45,0,9,5,1,9,Nori,Aoki,L,R,Seattle Mariners,5500000
422,benoijo01,SEA,AL,26,0,0,0,0,0,0,0,0,0,0,0,0,0,0,0,0,Joaquin,Benoit,R,R,Seattle Mariners,7500000
423,canoro01,SEA,AL,161,655,107,195,33,2,39,103,0,1,47,100,8,8,0,5,18,Robinson,Cano,L,R,Seattle Mariners,24000000
424,cishest01,SEA,AL,62,0,0,0,0,0,0,0,0,0,0,0,0,0,0,0,0,Steve,Cishek,R,R,Seattle Mariners,4000000
425,clevest01,SEA,AL,22,68,7,15,3,0,1,7,0,0,8,14,0,0,0,0,3,Steve,Clevenger,L,R,Seattle Mariners,516500
426,cruzne02,SEA,AL,155,589,96,169,27,1,43,105,2,0,62,159,5,9,0,7,15,Nelson,Cruz,R,R,Seattle Mariners,14250000
427,gutiefr01,SEA,AL,98,248,33,61,9,0,14,39,1,0,29,85,0,3,0,3,6,Franklin,Gutierrez,R,R,Seattle Mariners,1500000
428,hernafe02,SEA,AL,25,6,0,0,0,0,0,0,0,0,0,3,0,0,2,0,0,Felix,Hernandez,R,R,Seattle Mariners,25857143
429,iannech01,SEA,AL,94,295,23,62,14,0,7,24,0,0,38,83,0,2,1,2,4,Chris,Iannetta,R,R,Seattle Mariners,4250000
430,iwakuhi01,SEA,AL,33,2,0,0,0,0,0,0,0,0,0,1,0,0,1,0,0,Hisashi,Iwakuma,R,R,Seattle Mariners,10976096
431,karnsna01,SEA,AL,22,1,0,0,0,0,0,0,0,0,0,0,0,0,0,0,0,Nate,Karns,R,R,Seattle Mariners,523700
432,leeda02,SEA,AL,104,292,33,74,9,0,14,49,0,0,20,74,2,5,0,0,8,Dae-ho,Lee,R,R,Seattle Mariners,1000000
433,lindad01,SEA,AL,126,401,48,96,17,0,20,58,0,1,26,89,3,1,0,2,14,Adam,Lind,L,L,Seattle Mariners,8000000
434,marteke01,SEA,AL,119,437,55,113,21,2,1,33,11,5,18,84,0,2,3,6,10,Ketel,Marte,B,R,Seattle Mariners,515400
435,martile01,SEA,AL,143,518,72,128,17,3,15,47,24,6,44,149,0,3,4,7,10,Leonys,Martin,L,R,Seattle Mariners,4150000
436,montgmi01,SEA,AL,32,0,0,0,0,0,0,0,0,0,0,0,0,0,0,0,0,Mike,Montgomery,L,L,Seattle Mariners,515000
437,nunovi01,SEA,AL,55,0,0,0,0,0,0,0,0,0,0,0,0,0,0,0,0,Vidal,Nuno,L,L,Seattle Mariners,532900
438,peraljo01,SEA,AL,26,1,0,0,0,0,0,0,0,0,0,0,0,0,0,0,0,Joel,Peralta,R,R,Seattle Mariners,1250000
439,sardilu01,SEA,AL,32,72,12,13,0,0,2,5,1,1,1,25,0,1,3,0,3,Luis,Sardinas,B,R,Seattle Mariners,512000
440,scribev01,SEA,AL,12,0,0,0,0,0,0,0,0,0,0,0,0,0,0,0,0,Evan,Scribner,R,R,Seattle Mariners,807500
441,seageky01,SEA,AL,158,597,89,166,36,3,30,99,3,1,69,108,10,8,0,2,18,Kyle,Seager,L,R,Seattle Mariners,8000000
442,smithse01,SEA,AL,137,378,62,94,15,0,16,63,0,0,48,89,1,8,0,4,11,Seth,Smith,L,L,Seattle Mariners,6750000
443,sucreje01,SEA,AL,9,25,4,12,2,0,1,5,0,0,2,5,0,2,0,0,1,Jesus,Sucre,R,R,Seattle Mariners,512000
444,vinceni01,SEA,AL,60,0,0,0,0,0,0,0,0,0,0,0,0,0,0,0,0,Nick,Vincent,R,R,Seattle Mariners,525500
445,walketa01,SEA,AL,25,0,0,0,0,0,0,0,0,0,0,0,0,0,0,0,0,Taijuan,Walker,R,R,Seattle Mariners,528600
446,zychto01,SEA,AL,12,0,0,0,0,0,0,0,0,0,0,0,0,0,0,0,0,Tony,Zych,R,R,Seattle Mariners,511000
447,altuvjo01,HOU,AL,161,640,108,216,42,5,24,96,30,10,60,70,11,7,3,7,15,Jose,Altuve,R,R,Houston Astros,3687500
448,castrja01,HOU,AL,113,329,41,69,16,3,11,32,2,1,45,123,0,1,1,0,9,Jason,Castro,L,R,Houston Astros,5000000
449,correca01,HOU,AL,153,577,76,158,36,3,20,96,13,3,75,139,5,5,0,3,12,Carlos,Correa,R,R,Houston Astros,516700
450,feldmsc01,HOU,AL,26,2,0,0,0,0,0,0,0,0,0,2,0,0,0,0,0,Scott,Feldman,L,R,Houston Astros,8000000
451,felizmi01,HOU,AL,47,0,0,0,0,0,0,0,0,0,0,0,0,0,0,0,0,Michael,Feliz,R,R,Houston Astros,508200
452,fieldjo03,HOU,AL,15,0,0,0,0,0,0,0,0,0,0,0,0,0,0,0,0,Josh,Fields,R,R,Houston Astros,900000
453,fiersmi01,HOU,AL,31,0,0,0,0,0,0,0,0,0,0,0,0,0,0,0,0,Mike,Fiers,R,R,Houston Astros,524100
454,fistedo01,HOU,AL,32,5,0,1,0,0,0,2,0,0,0,1,0,0,2,0,0,Doug,Fister,L,R,Houston Astros,7000000
455,gattiev01,HOU,AL,128,447,58,112,19,0,32,72,2,1,43,127,6,4,0,5,12,Evan,Gattis,R,R,Houston Astros,3300000
456,gileske01,HOU,AL,69,0,0,0,0,0,0,0,0,0,0,0,0,0,0,0,0,Ken,Giles,R,R,Houston Astros,528200
457,gomezca01,HOU,AL,85,295,27,62,16,1,5,29,13,2,21,100,2,4,3,0,11,Carlos,Gomez,R,R,Houston Astros,9000000
458,gonzama01,HOU,AL,141,484,55,123,26,3,13,51,12,6,22,118,1,5,6,1,16,Marwin,Gonzalez,B,R,Houston Astros,2000000
459,gregelu01,HOU,AL,59,0,0,0,0,0,0,0,0,0,0,0,0,0,0,0,0,Luke,Gregerson,L,R,Houston Astros,6750000
460,harriwi02,HOU,AL,66,0,0,0,0,0,0,0,0,0,0,0,0,0,0,0,0,Will,Harris,R,R,Houston Astros,525500
461,keuchda01,HOU,AL,26,2,0,0,0,0,0,0,0,0,0,0,0,0,0,0,0,Dallas,Keuchel,L,L,Houston Astros,7250000
462,kratzer01,HOU,AL,15,29,0,2,1,0,0,0,0,0,1,14,0,0,0,0,1,Erik,Kratz,R,R,Houston Astros,850000
463,marisja01,HOU,AL,118,287,40,60,18,1,5,21,10,5,16,83,0,3,4,1,4,Jake,Marisnick,R,R,Houston Astros,519500
464,mcculla02,HOU,AL,14,3,1,1,0,0,0,0,0,0,0,0,0,0,0,0,0,Lance,McCullers,L,R,Houston Astros,516700
465,mchugco01,HOU,AL,33,6,0,0,0,0,0,0,0,0,0,2,0,0,2,0,0,Collin,McHugh,R,R,Houston Astros,529000
466,neshepa01,HOU,AL,60,0,0,0,0,0,0,0,0,0,0,0,0,0,0,0,0,Pat,Neshek,B,R,Houston Astros,6500000
467,rasmuco01,HOU,AL,107,369,38,76,10,0,15,54,4,1,43,121,0,0,1,4,5,Colby,Rasmus,L,L,Houston Astros,15800000
468,sippto01,HOU,AL,60,0,0,0,0,0,0,0,0,0,0,0,0,0,0,0,0,Tony,Sipp,L,L,Houston Astros,6000000
469,springe01,HOU,AL,162,644,116,168,29,5,29,82,9,10,88,178,2,11,0,1,12,George,Springer,R,R,Houston Astros,522400
470,stassma01,HOU,AL,9,13,1,1,0,0,0,0,0,0,0,5,0,0,0,0,0,Max,Stassi,R,R,Houston Astros,508200
471,tuckepr01,HOU,AL,48,134,11,22,8,1,4,8,0,0,8,40,0,2,0,0,2,Preston,Tucker,L,L,Houston Astros,515000
472,valbulu01,HOU,AL,90,292,38,76,17,1,13,40,1,1,44,81,2,1,3,2,5,Luis,Valbuena,L,R,Houston Astros,6125000
473,whitety01,HOU,AL,86,249,24,54,16,0,8,28,1,0,23,65,1,2,0,2,6,Tyler,White,R,R,Houston Astros,507500
474,aybarer01,ATL,NL,97,335,27,81,14,2,2,26,3,5,20,59,5,6,3,4,14,Erick,Aybar,B,R,Atlanta Braves,8500000
475,beckhgo01,ATL,NL,85,240,25,52,16,1,5,30,1,0,26,50,1,4,0,3,12,Gordon,Beckham,R,R,Atlanta Braves,1250000
476,flowety01,ATL,NL,83,281,27,76,18,0,8,41,0,0,29,91,1,11,0,4,3,Tyler,Flowers,R,R,Atlanta Braves,2000000
477,francje02,ATL,NL,99,257,29,64,13,0,7,33,2,0,16,75,2,0,0,3,4,Jeff,Francoeur,R,R,Atlanta Braves,1000000
478,freemfr01,ATL,NL,158,589,102,178,43,6,34,91,6,1,89,171,18,10,0,5,12,Freddie,Freeman,L,R,Atlanta Braves,12359375
479,gantjo01,ATL,NL,20,7,0,0,0,0,0,0,0,0,0,1,0,0,3,0,0,John,Gant,R,R,Atlanta Braves,507500
480,garciad01,ATL,NL,134,532,65,145,29,0,14,65,3,2,24,93,4,6,0,0,18,Adonis,Garcia,R,R,Atlanta Braves,508750
481,grillja01,ATL,NL,21,0,0,0,0,0,0,0,0,0,0,0,0,0,0,0,0,Jason,Grilli,R,R,Atlanta Braves,3625000
482,inciaen01,ATL,NL,131,522,85,152,24,7,3,29,16,7,45,68,5,4,5,2,8,Ender,Inciarte,L,L,Atlanta Braves,523000
483,johnsji04,ATL,NL,65,1,0,0,0,0,0,0,0,0,0,1,0,0,0,0,0,Jim,Johnson,R,R,Atlanta Braves,2500000
484,johnske05,ATL,NL,49,121,8,26,6,0,1,10,1,0,10,25,1,0,0,1,4,Kelly,Johnson,L,R,Atlanta Braves,2000000
485,markani01,ATL,NL,158,599,67,161,38,0,13,89,0,2,71,101,9,5,0,9,16,Nick,Markakis,L,L,Atlanta Braves,11000000
486,norribu01,ATL,NL,22,12,1,2,0,1,0,0,0,0,3,5,0,1,6,0,0,Bud,Norris,R,R,Atlanta Braves,2500000
487,oflaher01,ATL,NL,39,0,0,0,0,0,0,0,0,0,0,0,0,0,0,0,0,Eric,O'Flaherty,L,L,Atlanta Braves,1750000
488,ogandal01,ATL,NL,36,0,0,0,0,0,0,0,0,0,0,0,0,0,0,0,0,Alexi,Ogando,R,R,Atlanta Braves,2000000
489,olivehe01,ATL,NL,6,19,2,4,1,0,0,2,0,0,1,5,0,0,0,1,1,Hector,Olivera,R,R,Atlanta Braves,4000000
490,perezwi01,ATL,NL,11,17,0,0,0,0,0,0,0,0,0,5,0,0,2,0,1,Williams,Perez,R,R,Atlanta Braves,511250
491,peterja01,ATL,NL,115,350,45,89,16,1,7,29,5,5,52,69,2,1,2,3,9,Jace,Peterson,L,R,Atlanta Braves,520500
492,pierzaj01,ATL,NL,81,247,15,54,15,0,2,23,1,0,6,29,1,3,0,3,13,A. J.,Pierzynski,L,R,Atlanta Braves,3000000
493,ramirjo02,ATL,NL,33,0,0,0,0,0,0,0,0,0,0,0,0,0,0,0,0,Jose,Ramirez,R,R,Atlanta Braves,507500
494,simmosh01,ATL,NL,7,0,0,0,0,0,0,0,0,0,0,0,0,0,0,0,0,Shae,Simmons,R,R,Atlanta Braves,508000
495,stubbdr01,ATL,NL,20,38,6,9,0,0,1,3,4,0,4,20,0,0,0,0,1,Drew,Stubbs,R,R,Atlanta Braves,507500
496,teherju01,ATL,NL,31,49,1,10,1,0,0,2,0,0,1,16,0,0,11,0,1,Julio,Teheran,R,R,Atlanta Braves,3466666
497,vizcaar01,ATL,NL,43,0,0,0,0,0,0,0,0,0,0,0,0,0,0,0,0,Arodys,Vizcaino,R,R,Atlanta Braves,897500
498,winklda01,ATL,NL,3,0,0,0,0,0,0,0,0,0,0,0,0,0,0,0,0,Dan,Winkler,R,R,Atlanta Braves,508500
499,wislema01,ATL,NL,29,46,2,7,0,0,0,2,0,0,1,21,0,0,5,1,2,Matt,Wisler,R,R,Atlanta Braves,507500
500,alvarpe01,BAL,AL,109,337,43,84,20,0,22,49,1,0,37,97,1,0,0,2,6,Pedro,Alvarez,L,R,Baltimore Orioles,5731704
501,brachbr01,BAL,AL,71,0,0,0,0,0,0,0,0,0,0,0,0,0,0,0,0,Brad,Brach,R,R,Baltimore Orioles,1250000
502,brittza01,BAL,AL,69,0,0,0,0,0,0,0,0,0,0,0,0,0,0,0,0,Zack,Britton,L,L,Baltimore Orioles,6750000
503,bundydy01,BAL,AL,36,3,0,0,0,0,0,0,0,0,0,2,0,0,0,0,0,Dylan,Bundy,B,R,Baltimore Orioles,1800000
504,davisch02,BAL,AL,157,566,99,125,21,0,38,84,1,0,88,219,3,8,0,3,6,Chris,Davis,L,R,Baltimore Orioles,21268890
505,flahery01,BAL,AL,74,157,16,34,7,0,3,15,2,0,17,48,1,0,1,1,1,Ryan,Flaherty,L,R,Baltimore Orioles,1500000
506,gallayo01,BAL,AL,24,4,1,2,0,0,0,0,0,0,1,1,0,0,1,0,0,Yovani,Gallardo,R,R,Baltimore Orioles,8728776
507,gausmke01,BAL,AL,30,2,0,0,0,0,0,0,0,0,1,2,0,0,0,0,0,Kevin,Gausman,L,R,Baltimore Orioles,532000
508,givenmy01,BAL,AL,66,2,0,0,0,0,0,0,0,0,0,1,0,0,0,0,0,Mychal,Givens,R,R,Baltimore Orioles,511500
509,hardyjj01,BAL,AL,115,405,43,109,29,0,9,48,0,0,26,68,1,0,1,6,14,J. J.,Hardy,R,R,Baltimore Orioles,12209424
510,jimenub01,BAL,AL,30,4,0,0,0,0,0,0,0,0,0,1,0,0,0,0,0,Ubaldo,Jimenez,R,R,Baltimore Orioles,12673102
511,jonesad01,BAL,AL,152,619,86,164,19,0,29,83,2,0,39,115,2,5,1,8,13,Adam,Jones,R,R,Baltimore Orioles,16329674
512,josepca01,BAL,AL,49,132,7,23,3,0,0,0,0,0,7,28,0,0,2,0,6,Caleb,Joseph,R,R,Baltimore Orioles,523500
513,kimhy01,BAL,AL,95,305,36,92,16,1,6,22,1,3,36,51,0,4,0,1,5,Hyun Soo,Kim,L,R,Baltimore Orioles,2800000
514,machama01,BAL,AL,157,640,105,188,40,1,37,96,0,3,48,120,9,3,0,5,14,Manny,Machado,R,R,Baltimore Orioles,5000000
515,matusbr01,BAL,AL,7,0,0,0,0,0,0,0,0,0,0,0,0,0,0,0,0,Brian,Matusz,L,L,Baltimore Orioles,3900000
516,mcfartj01,BAL,AL,16,0,0,0,0,0,0,0,0,0,0,0,0,0,0,0,0,T. J.,McFarland,L,L,Baltimore Orioles,523500
517,mileywa01,BAL,AL,11,4,0,1,0,0,0,0,0,0,0,1,0,0,1,0,0,Wade,Miley,L,L,Baltimore Orioles,16329674
518,odayda01,BAL,AL,34,0,0,0,0,0,0,0,0,0,0,0,0,0,0,0,0,Darren,O'Day,R,R,Baltimore Orioles,5854712
519,reimono01,BAL,AL,104,203,25,45,9,1,6,15,1,2,22,62,0,1,0,1,8,Nolan,Reimold,R,R,Baltimore Orioles,1300000
520,rickajo01,BAL,AL,85,257,32,69,13,0,5,19,4,1,18,54,0,2,3,2,3,Joey,Rickard,R,L,Baltimore Orioles,507500
521,schoojo01,BAL,AL,162,615,82,164,38,1,25,82,1,2,21,137,0,8,0,3,16,Jonathan,Schoop,R,R,Baltimore Orioles,522500
522,tillmch01,BAL,AL,30,2,0,0,0,0,0,0,0,0,0,2,0,0,1,0,0,Chris,Tillman,R,R,Baltimore Orioles,6225000
523,trumbma01,BAL,AL,159,613,94,157,27,1,47,108,2,0,51,170,1,3,0,0,14,Mark,Trumbo,R,R,Baltimore Orioles,9150000
524,wietema01,BAL,AL,124,423,48,103,17,1,17,66,1,0,32,85,1,5,1,3,10,Matt,Wieters,B,R,Baltimore Orioles,15800000
525,wilsoty01,BAL,AL,24,0,0,0,0,0,0,0,0,0,0,0,0,0,0,0,0,Tyler,Wilson,R,R,Baltimore Orioles,511500
526,worleva01,BAL,AL,35,0,0,0,0,0,0,0,0,0,0,0,0,0,0,0,0,Vance,Worley,R,R,Baltimore Orioles,2600000
527,wrighmi01,BAL,AL,18,0,0,0,0,0,0,0,0,0,0,0,0,0,0,0,0,Mike,Wright,R,R,Baltimore Orioles,510500
528,baumabu01,SDN,NL,11,0,0,0,0,0,0,0,0,0,0,0,0,0,0,0,0,Buddy,Baumann,L,L,San Diego Padres,520000
529,bethach01,SDN,NL,73,193,20,44,9,0,6,25,1,2,10,56,0,0,0,1,9,Christian,Bethancourt,R,R,San Diego Padres,511200
530,blashja01,SDN,NL,38,71,7,12,2,0,3,5,1,0,11,34,0,2,0,0,3,Jabari,Blash,R,R,San Diego Padres,507500
531,buchtry01,SDN,NL,67,0,0,0,0,0,0,0,0,0,0,0,0,0,0,0,0,Ryan,Buchter,L,L,San Diego Padres,520000
532,cashnan01,SDN,NL,16,18,2,3,0,0,0,1,0,0,2,6,0,0,2,0,0,Andrew,Cashner,R,R,San Diego Padres,7150000
533,jankotr01,SDN,NL,131,335,53,82,13,2,2,12,30,12,42,100,0,2,3,0,5,Travis,Jankowski,L,R,San Diego Padres,508800
534,jayjo02,SDN,NL,90,347,49,101,26,1,2,26,2,0,19,78,0,6,1,0,5,Jon,Jay,L,L,San Diego Padres,6225000
535,kempma01,SDN,NL,100,409,54,107,24,0,23,69,0,0,16,100,3,0,0,6,8,Matt,Kemp,R,R,San Diego Padres,21500000
536,maurebr01,SDN,NL,71,0,0,0,0,0,0,0,0,0,0,0,0,0,0,0,0,Brandon,Maurer,R,R,San Diego Padres,526400
537,myerswi01,SDN,NL,157,599,99,155,29,4,28,94,28,6,68,160,1,4,0,5,12,Wil,Myers,R,R,San Diego Padres,523900
538,norride01,SDN,NL,125,415,50,77,17,0,14,42,9,2,36,139,5,4,0,3,9,Derek,Norris,R,R,San Diego Padres,2925000
539,perdolu02,SDN,NL,36,38,1,5,1,0,0,1,0,0,1,15,0,1,3,0,0,Luis,Perdomo,R,R,San Diego Padres,507500
540,pomerdr01,SDN,NL,17,33,2,5,0,0,1,4,0,0,0,19,0,0,2,0,1,Drew,Pomeranz,R,L,San Diego Padres,1350000
541,quackke01,SDN,NL,60,0,0,0,0,0,0,0,0,0,0,0,0,0,0,0,0,Kevin,Quackenbush,R,R,San Diego Padres,521200
542,ramiral03,SDN,NL,128,421,33,101,19,2,5,41,6,9,17,56,3,4,0,2,7,Alexei,Ramirez,R,R,San Diego Padres,3000000
543,reaco01,SDN,NL,20,33,3,4,0,0,0,1,0,0,2,16,0,0,3,0,0,Colin,Rea,R,R,San Diego Padres,510200
544,rodnefe01,SDN,NL,28,0,0,0,0,0,0,0,0,0,0,0,0,0,0,0,0,Fernando,Rodney,R,R,San Diego Padres,1600000
545,rosalad01,SDN,NL,105,214,37,49,12,3,13,35,4,0,29,88,2,1,0,4,2,Adam,Rosales,R,R,San Diego Padres,800000
546,rossty01,SDN,NL,1,1,0,0,0,0,0,0,0,0,0,1,0,0,0,0,0,Tyson,Ross,R,R,San Diego Padres,9625000
547,shielja02,SDN,NL,11,17,1,3,0,0,0,0,0,0,0,11,0,0,2,0,0,James,Shields,R,R,San Diego Padres,21000000
548,solarya01,SDN,NL,109,405,55,116,26,1,15,71,1,1,30,63,1,5,0,3,7,Yangervis,Solarte,B,R,San Diego Padres,525500
549,spangco01,SDN,NL,14,48,6,11,1,1,1,8,1,0,4,13,0,1,0,0,0,Cory,Spangenberg,L,R,San Diego Padres,517700
550,thornma01,SDN,NL,18,0,0,0,0,0,0,0,0,0,0,0,0,0,0,0,0,Matt,Thornton,L,L,San Diego Padres,1600000
551,uptonbj01,SDN,NL,92,344,46,88,11,2,16,45,20,5,23,106,1,2,1,3,5,B. J.,Upton,R,R,San Diego Padres,15450000
552,villaca01,SDN,NL,51,4,0,0,0,0,0,0,0,0,0,4,0,0,1,0,0,Carlos,Villanueva,R,R,San Diego Padres,1490314
553,wallabr01,SDN,NL,119,217,19,41,10,0,6,20,0,0,29,83,3,9,0,1,2,Brett,Wallace,L,R,San Diego Padres,1000000
554,anderbr04,LAN,NL,4,3,0,0,0,0,0,0,0,0,0,2,0,0,0,0,0,Brett,Anderson,L,L,Los Angeles Dodgers,15800000
555,baezpe01,LAN,NL,73,1,0,0,0,0,0,0,0,0,0,0,0,0,0,0,0,Pedro,Baez,R,R,Los Angeles Dodgers,520000
556,barneau01,LAN,NL,21,32,3,5,1,0,0,2,0,0,5,9,0,0,0,0,0,Austin,Barnes,R,R,Los Angeles Dodgers,512500
557,blantjo01,LAN,NL,75,0,0,0,0,0,0,0,0,0,0,0,0,0,0,0,0,Joe,Blanton,R,R,Los Angeles Dodgers,4000000
558,bolsimi01,LAN,NL,6,9,0,0,0,0,0,0,0,0,0,7,0,0,0,0,0,Mike,Bolsinger,R,R,Los Angeles Dodgers,515000
559,colemlo01,LAN,NL,61,0,0,0,0,0,0,0,0,0,0,0,0,0,0,0,0,Louis,Coleman,R,R,Los Angeles Dodgers,725000
560,crawfca02,LAN,NL,30,81,8,15,2,1,0,6,0,1,4,11,0,1,0,1,3,Carl,Crawford,L,L,Los Angeles Dodgers,20750000
561,culbech01,LAN,NL,34,67,6,20,3,0,1,7,1,0,1,13,0,0,0,0,2,Charlie,Culberson,R,R,Los Angeles Dodgers,535000
562,ellisaj01,LAN,NL,53,139,8,27,5,0,1,13,1,1,16,24,2,2,3,1,5,A. J.,Ellis,R,R,Los Angeles Dodgers,4500000
563,ethiean01,LAN,NL,16,24,2,5,1,0,1,2,0,0,2,6,1,0,0,0,1,Andre,Ethier,L,L,Los Angeles Dodgers,18000000
564,garciyi01,LAN,NL,9,0,0,0,0,0,0,0,0,0,0,0,0,0,0,0,0,Yimi,Garcia,R,R,Los Angeles Dodgers,517500
565,gonzaad01,LAN,NL,156,568,69,162,31,0,18,90,0,2,55,117,9,4,0,6,16,Adrian,Gonzalez,L,L,Los Angeles Dodgers,21000000
566,grandya01,LAN,NL,126,390,49,89,14,1,27,72,1,3,64,116,1,2,0,1,11,Yasmani,Grandal,B,R,Los Angeles Dodgers,2800000
567,hatchch02,LAN,NL,37,3,0,1,0,0,0,1,0,0,0,0,0,0,0,0,0,Chris,Hatcher,B,R,Los Angeles Dodgers,1065000
568,hernaen02,LAN,NL,109,216,25,41,8,0,7,18,2,0,28,64,1,0,0,0,3,Enrique,Hernandez,R,R,Los Angeles Dodgers,520000
569,howeljp01,LAN,NL,64,2,0,0,0,0,0,0,0,0,0,2,0,0,0,0,0,J. P.,Howell,L,L,Los Angeles Dodgers,6250000
570,janseke01,LAN,NL,72,0,0,0,0,0,0,0,0,0,0,0,0,0,0,0,0,Kenley,Jansen,B,R,Los Angeles Dodgers,10650000
571,kazmisc01,LAN,NL,27,43,3,5,0,0,0,2,0,0,1,24,0,0,6,0,1,Scott,Kazmir,L,L,Los Angeles Dodgers,14985384
572,kendrho01,LAN,NL,146,487,65,124,26,2,8,40,10,2,50,96,2,3,0,3,20,Howie,Kendrick,R,R,Los Angeles Dodgers,9540378
573,kershcl01,LAN,NL,23,46,2,8,1,0,0,3,0,0,1,12,0,0,3,0,0,Clayton,Kershaw,L,L,Los Angeles Dodgers,33000000
574,maedake01,LAN,NL,35,57,5,7,1,0,1,4,0,0,1,16,0,0,8,0,1,Kenta,Maeda,R,R,Los Angeles Dodgers,3125000
575,mccarbr01,LAN,NL,10,13,0,0,0,0,0,1,0,0,2,6,0,0,0,0,0,Brandon,McCarthy,R,R,Los Angeles Dodgers,12500000
576,pederjo01,LAN,NL,137,406,64,100,26,0,25,68,6,2,63,130,4,4,1,2,5,Joc,Pederson,L,L,Los Angeles Dodgers,520000
577,puigya01,LAN,NL,104,334,45,88,14,2,11,45,5,2,24,74,0,7,0,3,10,Yasiel,Puig,R,R,Los Angeles Dodgers,7214285
578,ravinjo01,LAN,NL,10,0,0,0,0,0,0,0,0,0,0,0,0,0,0,0,0,Josh,Ravin,R,R,Los Angeles Dodgers,515000
579,ryuhy01,LAN,NL,1,1,0,0,0,0,0,0,0,0,0,0,0,0,0,0,0,Hyun Jin,Ryu,R,L,Los Angeles Dodgers,7833333
580,seageco01,LAN,NL,157,627,105,193,40,5,26,72,3,3,54,133,5,4,0,2,12,Corey,Seager,L,R,Los Angeles Dodgers,510000
581,stripro01,LAN,NL,22,24,2,2,0,0,0,1,0,0,2,12,0,0,1,0,0,Ross,Stripling,R,R,Los Angeles Dodgers,507500
582,thomptr01,LAN,NL,80,236,31,53,11,0,13,32,5,1,26,66,0,0,0,0,3,Trayce,Thompson,R,R,Los Angeles Dodgers,512500
583,turneju01,LAN,NL,151,556,79,153,34,3,27,90,4,1,48,107,1,10,0,8,16,Justin,Turner,R,R,Los Angeles Dodgers,5100000
584,utleych01,LAN,NL,138,512,79,129,26,3,14,52,2,2,40,115,1,11,1,1,0,Chase,Utley,L,R,Los Angeles Dodgers,7000000
585,vanslsc01,LAN,NL,52,102,10,23,6,0,1,7,1,2,5,24,1,5,0,1,3,Scott,Van Slyke,R,R,Los Angeles Dodgers,1225000
586,woodal02,LAN,NL,15,16,2,4,0,0,0,2,0,0,1,9,0,0,2,0,0,Alex,Wood,R,L,Los Angeles Dodgers,530000
587,anderch01,MIL,NL,31,45,3,4,0,0,0,1,0,0,1,27,0,1,5,0,0,Chase,Anderson,R,R,Milwaukee Brewers,520200
588,blazemi01,MIL,NL,42,0,1,0,0,0,0,0,0,0,0,0,0,0,0,0,0,Michael,Blazek,R,R,Milwaukee Brewers,514200
589,boyerbl01,MIL,NL,61,1,0,0,0,0,0,0,0,0,0,0,0,0,0,0,0,Blaine,Boyer,R,R,Milwaukee Brewers,950000
590,braunry02,MIL,NL,135,511,80,156,23,3,30,91,16,5,46,98,10,4,0,3,20,Ryan,Braun,R,R,Milwaukee Brewers,19315013
591,broxtke01,MIL,NL,75,207,28,50,10,1,9,19,23,4,36,88,0,0,1,0,2,Keon,Broxton,R,R,Milwaukee Brewers,508500
592,capuach01,MIL,NL,16,0,0,0,0,0,0,0,0,0,1,0,0,0,0,0,0,Chris,Capuano,L,L,Milwaukee Brewers,1500000
593,cartech02,MIL,NL,160,549,84,122,27,1,41,94,3,1,76,206,1,9,0,10,18,Chris,Carter,R,R,Milwaukee Brewers,2500000
594,florera02,MIL,NL,104,249,18,51,8,0,2,19,3,0,31,58,3,2,3,4,11,Ramon,Flores,L,L,Milwaukee Brewers,508800
595,garzama01,MIL,NL,19,28,1,1,0,0,0,0,0,0,2,17,0,0,3,0,1,Matt,Garza,R,R,Milwaukee Brewers,12209424
596,gennesc01,MIL,NL,136,498,58,131,30,1,14,56,8,1,38,114,1,2,1,2,11,Scooter,Gennett,L,R,Milwaukee Brewers,518100
597,hillaa01,MIL,NL,78,254,34,72,11,0,8,29,4,2,30,43,0,2,0,4,5,Aaron,Hill,R,R,Milwaukee Brewers,12000000
598,jeffrje01,MIL,NL,47,0,0,0,0,0,0,0,0,0,0,0,0,0,0,0,0,Jeremy,Jeffress,R,R,Milwaukee Brewers,519100
599,jungmta01,MIL,NL,8,8,1,1,0,0,0,0,0,0,0,4,0,0,0,0,0,Taylor,Jungmann,R,R,Milwaukee Brewers,518500
600,knebeco01,MIL,NL,35,0,0,0,0,0,0,0,0,0,0,0,0,0,0,0,0,Corey,Knebel,R,R,Milwaukee Brewers,513000
601,lucrojo01,MIL,NL,95,338,48,101,17,3,13,50,5,0,33,70,3,1,0,4,12,Jonathan,Lucroy,R,R,Milwaukee Brewers,4100000
602,maldoma01,MIL,NL,76,208,21,42,7,0,8,21,1,0,35,56,9,6,3,1,6,Martin,Maldonado,R,R,Milwaukee Brewers,1125000
603,nelsoji02,MIL,NL,32,50,1,4,0,0,0,3,0,0,2,32,0,0,7,0,0,Jimmy,Nelson,R,R,Milwaukee Brewers,522300
604,nieuwki01,MIL,NL,125,335,38,70,18,1,13,44,8,9,56,133,1,1,0,0,5,Kirk,Nieuwenhuis,L,R,Milwaukee Brewers,514000
605,penaar01,MIL,NL,1,0,0,0,0,0,0,0,0,0,0,0,0,0,0,0,0,Ariel,Pena,R,R,Milwaukee Brewers,510000
606,peralwi01,MIL,NL,23,39,2,5,1,0,1,6,0,0,0,15,0,0,1,1,2,Wily,Peralta,R,R,Milwaukee Brewers,2800000
607,riverya01,MIL,NL,35,66,12,14,4,0,0,3,0,0,2,20,0,0,3,0,4,Yadiel,Rivera,R,R,Milwaukee Brewers,508600
608,santado01,MIL,NL,77,246,34,63,14,0,11,32,2,3,32,91,0,2,0,1,7,Domingo,Santana,R,R,Milwaukee Brewers,513800
609,smithwi04,MIL,NL,27,0,0,0,0,0,0,0,0,0,0,0,0,0,0,0,0,Will,Smith,R,L,Milwaukee Brewers,1475000
610,thornty01,MIL,NL,67,0,0,0,0,0,0,0,0,0,0,0,0,0,0,0,0,Tyler,Thornburg,R,R,Milwaukee Brewers,513900
611,torreca01,MIL,NL,72,0,0,0,0,0,0,0,0,0,0,0,0,0,0,0,0,Carlos,Torres,R,R,Milwaukee Brewers,1050000
612,villajo01,MIL,NL,156,589,92,168,38,3,19,63,62,18,79,174,4,2,5,4,7,Jonathan,Villar,B,R,Milwaukee Brewers,512900
613,walshco02,MIL,NL,38,47,4,4,1,0,0,2,0,0,15,22,0,1,0,0,1,Colin,Walsh,B,R,Milwaukee Brewers,507500
614,bourju01,MIA,NL,90,280,35,74,12,1,15,51,0,0,38,56,9,0,0,3,8,Justin,Bour,L,R,Miami Marlins,537500
615,breslcr01,MIA,NL,15,0,0,0,0,0,0,0,0,0,0,0,0,0,0,0,0,Craig,Breslow,L,L,Miami Marlins,1500000
616,chenwe02,MIA,NL,22,44,0,0,0,0,0,0,0,0,0,18,0,0,5,0,2,Wei-Yin,Chen,R,L,Miami Marlins,12500000
617,conlead01,MIA,NL,25,41,4,5,0,0,0,3,0,0,1,22,0,0,4,1,1,Adam,Conley,L,L,Miami Marlins,512500
618,cosarja01,MIA,NL,4,6,0,1,0,0,0,0,0,0,0,1,0,0,1,0,0,Jarred,Cosart,R,R,Miami Marlins,550000
619,dietrde01,MIA,NL,128,351,39,98,20,5,7,42,1,0,32,84,2,24,0,5,6,Derek,Dietrich,L,R,Miami Marlins,522500
620,dunnmi01,MIA,NL,51,0,0,0,0,0,0,0,0,0,0,0,0,0,0,0,0,Mike,Dunn,L,L,Miami Marlins,3450000
621,fernajo02,MIA,NL,30,52,3,13,2,0,0,6,0,0,1,13,0,0,8,0,1,Jose,Fernandez,R,R,Miami Marlins,2800000
622,gordode01,MIA,NL,79,325,47,87,7,6,1,14,30,7,18,55,1,0,1,1,4,Dee,Strange-Gordon,L,R,Miami Marlins,3242202
623,hechaad01,MIA,NL,155,508,52,120,17,6,3,38,1,0,33,73,7,1,2,3,10,Adeiny,Hechavarria,R,R,Miami Marlins,2625000
624,jacksed01,MIA,NL,8,0,0,0,0,0,0,0,0,0,0,0,0,0,0,0,0,Edwin,Jackson,R,R,Miami Marlins,507500
625,johnsch05,MIA,NL,113,243,20,54,11,0,5,24,0,0,19,78,2,1,1,0,13,Chris,Johnson,R,R,Miami Marlins,8007500
626,koehlto01,MIA,NL,33,51,1,5,0,0,0,4,0,0,1,28,0,0,4,0,0,Tom,Koehler,R,R,Miami Marlins,3500000
627,mathije01,MIA,NL,41,126,12,30,4,1,2,15,0,0,4,36,0,1,1,0,1,Jeff,Mathis,R,R,Miami Marlins,1500000
628,mcgowdu01,MIA,NL,55,4,0,0,0,0,0,0,0,0,0,3,0,0,0,0,0,Dustin,McGowan,R,R,Miami Marlins,1000000
629,morribr01,MIA,NL,24,1,0,0,0,0,0,0,0,0,0,1,0,0,0,0,0,Bryan,Morris,L,R,Miami Marlins,1350000
630,narvech01,MIA,NL,6,3,0,0,0,0,0,0,0,0,0,2,0,0,0,0,0,Chris,Narveson,L,L,Miami Marlins,1200000
631,ozunama01,MIA,NL,148,557,75,148,23,6,23,76,0,3,43,115,2,4,0,4,11,Marcell,Ozuna,R,R,Miami Marlins,570000
632,phelpda01,MIA,NL,64,11,0,2,0,0,0,1,0,0,0,3,0,0,2,0,1,David,Phelps,R,R,Miami Marlins,2500000
633,pradoma01,MIA,NL,153,600,70,183,37,3,8,75,2,2,49,69,4,4,0,5,24,Martin,Prado,R,R,Miami Marlins,11000000
634,ramosaj01,MIA,NL,67,0,0,0,0,0,0,0,0,0,0,0,0,0,0,0,0,AJ,Ramos,R,R,Miami Marlins,3400000
635,realmjt01,MIA,NL,137,509,60,154,31,0,11,48,12,4,28,100,1,5,0,3,12,J. T.,Realmuto,R,R,Miami Marlins,532500
636,rojasmi02,MIA,NL,123,194,27,48,12,0,1,14,2,1,11,27,2,1,6,2,10,Miguel,Rojas,R,R,Miami Marlins,511000
637,stantmi03,MIA,NL,119,413,56,99,20,1,27,74,0,0,50,140,5,4,0,2,6,Giancarlo,Stanton,R,R,Miami Marlins,9000000
638,suzukic01,MIA,NL,143,327,48,95,15,5,1,22,10,2,30,42,1,3,3,2,4,Ichiro,Suzuki,L,R,Miami Marlins,2000000
639,yelicch01,MIA,NL,155,578,78,172,38,3,21,98,9,4,72,138,4,4,0,5,20,Christian,Yelich,L,R,Miami Marlins,1000000
640,archech01,TBA,AL,33,7,1,0,0,0,0,0,0,0,1,3,0,0,0,0,0,Chris,Archer,R,R,Tampa Bay Rays,2916667
641,beckhti01,TBA,AL,64,198,25,49,12,5,5,16,2,1,14,67,0,1,2,0,3,Tim,Beckham,R,R,Tampa Bay Rays,514500
642,boxbebr01,TBA,AL,27,0,0,0,0,0,0,0,0,0,0,0,0,0,0,0,0,Brad,Boxberger,R,R,Tampa Bay Rays,519200
643,casalcu01,TBA,AL,84,226,23,42,10,0,8,25,0,0,25,82,1,2,3,0,2,Curt,Casali,R,R,Tampa Bay Rays,513600
644,cedenxa01,TBA,AL,54,0,0,0,0,0,0,0,0,0,0,0,0,0,0,0,0,Xavier,Cedeno,L,L,Tampa Bay Rays,524100
645,cobbal01,TBA,AL,5,0,0,0,0,0,0,0,0,0,0,0,0,0,0,0,0,Alex,Cobb,R,R,Tampa Bay Rays,4000000
646,colomal01,TBA,AL,57,0,0,0,0,0,0,0,0,0,0,0,0,0,0,0,0,Alex,Colome,R,R,Tampa Bay Rays,521700
647,congeha01,TBA,AL,49,124,6,24,5,0,3,10,0,0,12,40,0,0,1,0,4,Hank,Conger,B,R,Tampa Bay Rays,1500000
648,dickeco01,TBA,AL,148,510,57,125,36,3,24,70,0,2,33,134,6,2,0,2,12,Corey,Dickerson,L,R,Tampa Bay Rays,522900
649,evelada01,TBA,AL,33,0,0,0,0,0,0,0,0,0,0,0,0,0,0,0,0,Dana,Eveland,L,L,Tampa Bay Rays,895000
650,farquda01,TBA,AL,35,0,0,0,0,0,0,0,0,0,0,0,0,0,0,0,0,Danny,Farquhar,R,R,Tampa Bay Rays,527000
651,forsylo01,TBA,AL,127,511,76,135,24,4,20,52,6,6,46,127,0,8,0,2,8,Logan,Forsythe,R,R,Tampa Bay Rays,2250000
652,geltzst01,TBA,AL,27,0,0,0,0,0,0,0,0,0,0,0,0,0,0,0,0,Steve,Geltz,R,R,Tampa Bay Rays,519300
653,guyerbr01,TBA,AL,63,212,27,51,12,1,7,18,2,1,12,42,1,23,1,1,3,Brandon,Guyer,R,R,Tampa Bay Rays,1185000
654,jennide01,TBA,AL,65,200,22,40,7,1,7,20,2,0,21,58,0,2,1,1,4,Desmond,Jennings,R,R,Tampa Bay Rays,3300000
655,kiermke01,TBA,AL,105,366,55,90,20,2,12,37,21,3,40,74,1,7,0,1,5,Kevin,Kiermaier,L,R,Tampa Bay Rays,514400
656,longoev01,TBA,AL,160,633,81,173,41,4,36,98,0,3,42,144,6,3,0,7,13,Evan,Longoria,R,R,Tampa Bay Rays,12600018
657,millebr02,TBA,AL,152,548,73,133,29,6,30,81,6,4,47,149,0,3,0,3,5,Brad,Miller,L,R,Tampa Bay Rays,527600
658,moorema02,TBA,AL,21,7,0,2,0,0,0,0,0,0,0,2,0,0,0,0,1,Matt,Moore,L,L,Tampa Bay Rays,5100000
659,morrilo01,TBA,AL,107,353,45,84,18,1,14,43,4,2,37,89,1,6,0,2,4,Logan,Morrison,L,L,Tampa Bay Rays,4200000
660,odorija01,TBA,AL,33,4,0,1,0,0,0,1,0,0,0,1,0,0,0,0,0,Jake,Odorizzi,R,R,Tampa Bay Rays,520700
661,pearcst01,TBA,AL,60,204,26,63,11,1,10,29,0,3,26,40,2,1,0,1,4,Steve,Pearce,R,R,Tampa Bay Rays,4750000
662,ramirer02,TBA,AL,64,0,0,0,0,0,0,0,0,0,0,0,0,0,0,0,0,Erasmo,Ramirez,R,R,Tampa Bay Rays,2375000
663,romeren01,TBA,AL,52,0,0,0,0,0,0,0,0,0,0,0,0,0,0,0,0,Enny,Romero,R,L,Tampa Bay Rays,510000
664,smylydr01,TBA,AL,30,2,0,0,0,0,0,0,0,0,0,0,0,0,0,0,0,Drew,Smyly,L,L,Tampa Bay Rays,3750000
665,souzast01,TBA,AL,120,430,58,106,17,1,17,49,7,6,31,159,0,5,0,2,5,Steven,Souza,R,R,Tampa Bay Rays,516100
666,webbry01,TBA,AL,18,0,0,0,0,0,0,0,0,0,0,0,0,0,0,0,0,Ryan,Webb,R,R,Tampa Bay Rays,1000000
667,whitlch01,TBA,AL,5,0,0,0,0,0,0,0,0,0,0,0,0,0,0,0,0,Chase,Whitley,R,R,Tampa Bay Rays,524525
668,barneda01,TOR,AL,104,279,35,75,13,2,4,19,2,2,22,48,1,1,2,2,8,Darwin,Barney,R,R,Toronto Blue Jays,1050000
669,bautijo02,TOR,AL,116,423,68,99,24,1,22,69,2,2,87,103,1,3,0,4,21,Jose,Bautista,R,R,Toronto Blue Jays,14000000
670,biagijo01,TOR,AL,60,0,0,0,0,0,0,0,0,0,0,0,0,0,0,0,0,Joe,Biagini,R,R,Toronto Blue Jays,507500
671,carreez01,TOR,AL,110,270,47,67,9,1,6,23,7,4,27,70,0,4,7,2,8,Ezequiel,Carrera,L,L,Toronto Blue Jays,521800
672,cecilbr01,TOR,AL,54,0,0,0,0,0,0,0,0,0,0,0,0,0,0,0,0,Brett,Cecil,R,L,Toronto Blue Jays,3800000
673,chaveje01,TOR,AL,39,0,0,0,0,0,0,0,0,0,0,0,0,0,0,0,0,Jesse,Chavez,R,R,Toronto Blue Jays,4000000
674,colabch01,TOR,AL,10,29,0,2,0,0,0,1,0,0,2,9,0,1,0,0,2,Chris,Colabello,R,R,Toronto Blue Jays,521300
675,dickera01,TOR,AL,31,1,0,0,0,0,0,0,0,0,0,1,0,0,0,0,0,R. A.,Dickey,R,R,Toronto Blue Jays,12000000
676,donaljo02,TOR,AL,155,577,122,164,32,5,37,99,7,1,109,119,6,9,2,3,16,Josh,Donaldson,R,R,Toronto Blue Jays,11650000
677,encared01,TOR,AL,160,601,99,158,34,0,42,127,2,0,87,138,3,5,0,8,22,Edwin,Encarnacion,R,R,Toronto Blue Jays,10000000
678,estrama01,TOR,AL,29,5,0,0,0,0,0,0,0,0,0,3,0,0,0,0,0,Marco,Estrada,R,R,Toronto Blue Jays,11500000
679,floydga01,TOR,AL,28,1,0,0,0,0,0,0,0,0,0,0,0,0,0,0,0,Gavin,Floyd,R,R,Toronto Blue Jays,1000000
680,goinsry01,TOR,AL,77,183,13,34,9,2,3,12,1,1,9,48,0,1,3,0,6,Ryan,Goins,L,R,Toronto Blue Jays,520200
681,happja01,TOR,AL,32,7,2,2,0,0,0,0,0,0,0,3,0,0,3,0,0,J. A.,Happ,L,L,Toronto Blue Jays,10000000
682,leonar01,TOR,AL,2,0,0,0,0,0,0,0,0,0,0,0,0,0,0,0,0,Arnold,Leon,R,R,Toronto Blue Jays,510500
683,loupaa01,TOR,AL,21,0,0,0,0,0,0,0,0,0,0,0,0,0,0,0,0,Aaron,Loup,L,L,Toronto Blue Jays,1050000
684,martiru01,TOR,AL,137,455,62,105,16,0,20,74,2,1,64,148,1,10,1,5,12,Russell,Martin,R,R,Toronto Blue Jays,15000000
685,moralfr01,TOR,AL,5,0,0,0,0,0,0,0,0,0,0,0,0,0,0,0,0,Franklin,Morales,L,L,Toronto Blue Jays,2000000
686,osunaro01,TOR,AL,72,0,0,0,0,0,0,0,0,0,0,0,0,0,0,0,0,Roberto,Osuna,R,R,Toronto Blue Jays,516100
687,pillake01,TOR,AL,146,548,59,146,35,2,7,53,14,6,24,90,0,6,3,3,12,Kevin,Pillar,R,R,Toronto Blue Jays,521100
688,sanchaa01,TOR,AL,30,9,0,0,0,0,0,0,0,0,1,5,0,0,0,0,0,Aaron,Sanchez,R,R,Toronto Blue Jays,517800
689,saundmi01,TOR,AL,140,490,70,124,32,3,24,57,1,2,59,157,2,5,1,3,14,Michael,Saunders,L,R,Toronto Blue Jays,2900000
690,schulbo02,TOR,AL,16,0,0,0,0,0,0,0,0,0,0,0,0,0,0,0,0,Bo,Schultz,R,R,Toronto Blue Jays,513300
691,smoakju01,TOR,AL,126,299,33,65,10,0,14,34,1,0,40,112,1,2,0,0,7,Justin,Smoak,B,L,Toronto Blue Jays,3900000
692,storedr01,TOR,AL,38,0,0,0,0,0,0,0,0,0,0,0,0,0,0,0,0,Drew,Storen,B,R,Toronto Blue Jays,8375000
693,stromma01,TOR,AL,32,5,1,0,0,0,0,0,0,0,0,0,0,0,1,0,0,Marcus,Stroman,R,R,Toronto Blue Jays,515900
694,tholejo01,TOR,AL,50,118,7,20,3,0,1,7,0,0,13,28,0,1,2,2,4,Josh,Thole,L,R,Toronto Blue Jays,800000
695,travide01,TOR,AL,101,410,54,123,28,1,11,50,4,1,20,87,0,0,1,1,6,Devon,Travis,R,R,Toronto Blue Jays,511200
696,tulowtr01,TOR,AL,131,492,54,125,21,0,24,79,1,0,43,101,1,5,0,4,14,Troy,Tulowitzki,R,R,Toronto Blue Jays,20000000
697,avilemi01,DET,AL,68,167,17,35,5,1,1,6,2,2,9,27,0,2,3,0,5,Mike,Aviles,R,R,Detroit Tigers,2000000
698,cabremi01,DET,AL,158,595,92,188,31,1,38,108,0,0,75,116,15,4,0,5,26,Miguel,Cabrera,R,R,Detroit Tigers,28000000
699,casteni01,DET,AL,110,411,54,117,25,4,18,58,1,1,28,111,1,3,0,5,4,Nick,Castellanos,R,R,Detroit Tigers,536500
700,collity01,DET,AL,56,136,14,32,2,3,4,15,1,1,13,38,0,1,0,1,1,Tyler,Collins,L,L,Detroit Tigers,510500
701,farmebu01,DET,AL,14,0,0,0,0,0,0,0,0,0,0,0,0,0,0,0,0,Buck,Farmer,L,R,Detroit Tigers,509500
702,gosean01,DET,AL,30,91,11,19,2,2,2,7,0,1,9,38,0,1,0,0,1,Anthony,Gose,L,L,Detroit Tigers,525000
703,greensh02,DET,AL,50,2,0,0,0,0,0,0,0,0,0,0,0,0,0,0,0,Shane,Greene,R,R,Detroit Tigers,517000
704,hardybl01,DET,AL,21,0,0,0,0,0,0,0,0,0,0,0,0,0,0,0,0,Blaine,Hardy,L,L,Detroit Tigers,520500
705,iglesjo01,DET,AL,137,467,57,119,26,0,4,32,7,4,28,50,1,8,7,3,12,Jose,Iglesias,R,R,Detroit Tigers,2100000
706,kensilo01,DET,AL,3,0,0,0,0,0,0,0,0,0,0,0,0,0,0,0,0,Logan,Kensing,R,R,Detroit Tigers,575000
707,kinslia01,DET,AL,153,618,117,178,29,4,28,83,14,6,45,115,0,13,0,3,5,Ian,Kinsler,R,R,Detroit Tigers,14000000
708,lowema01,DET,AL,54,0,0,0,0,0,0,0,0,0,0,0,0,0,0,0,0,Mark,Lowe,L,R,Detroit Tigers,5500000
709,martijd02,DET,AL,120,460,69,141,35,2,22,68,1,2,49,128,2,3,0,5,13,J. D.,Martinez,R,R,Detroit Tigers,6750000
710,martivi01,DET,AL,154,553,65,160,22,0,27,86,0,0,50,90,8,4,0,3,19,Victor,Martinez,B,R,Detroit Tigers,18000000
711,maybica01,DET,AL,94,349,65,110,14,5,4,43,15,6,36,69,0,3,2,1,8,Cameron,Maybin,R,R,Detroit Tigers,8000000
712,mccanja02,DET,AL,105,344,31,76,9,1,12,48,0,1,23,109,0,2,1,3,12,James,McCann,R,R,Detroit Tigers,519500
713,norrida01,DET,AL,14,2,0,0,0,0,0,0,0,0,1,0,0,0,0,0,0,Daniel,Norris,L,L,Detroit Tigers,514500
714,pelfrmi01,DET,AL,24,0,0,0,0,0,0,0,0,0,0,0,0,0,0,0,0,Mike,Pelfrey,R,R,Detroit Tigers,8000000
715,rodrifr03,DET,AL,61,0,0,0,0,0,0,0,0,0,0,0,0,0,0,0,0,Francisco,Rodriguez,R,R,Detroit Tigers,7383481
716,rominan01,DET,AL,109,174,21,41,5,2,2,16,8,0,13,38,0,4,3,0,5,Andrew,Romine,B,R,Detroit Tigers,900000
717,ryanky01,DET,AL,56,0,0,0,0,0,0,0,0,0,0,0,0,0,0,0,0,Kyle,Ryan,L,L,Detroit Tigers,509500
718,saltaja01,DET,AL,92,246,30,42,5,1,12,38,0,0,41,104,1,0,0,5,1,Jarrod,Saltalamacchia,B,R,Detroit Tigers,507500
719,sanchan01,DET,AL,35,6,0,0,0,0,0,0,0,0,0,3,0,0,0,0,0,Anibal,Sanchez,R,R,Detroit Tigers,16800000
720,uptonju01,DET,AL,153,570,81,140,28,2,31,87,9,4,50,179,3,4,0,2,15,Justin,Upton,R,R,Detroit Tigers,22125000
721,verhadr01,DET,AL,19,0,0,0,0,0,0,0,0,0,0,0,0,0,0,0,0,Drew,VerHagen,R,R,Detroit Tigers,509500
722,verlaju01,DET,AL,34,5,1,1,0,0,0,0,0,0,0,2,0,0,0,0,0,Justin,Verlander,R,R,Detroit Tigers,28000000
723,wilsoal01,DET,AL,62,0,0,0,0,0,0,0,0,0,0,0,0,0,0,0,0,Alex,Wilson,R,R,Detroit Tigers,522500
724,wilsoju10,DET,AL,66,0,0,0,0,0,0,0,0,0,0,0,0,0,0,0,0,Justin,Wilson,L,L,Detroit Tigers,1525000
725,zimmejo02,DET,AL,19,4,0,1,0,0,0,0,0,0,0,2,0,0,1,0,0,Jordan,Zimmermann,R,R,Detroit Tigers,18000000
726,bastaan01,NYN,NL,41,0,0,0,0,0,0,0,0,0,0,0,0,0,0,0,0,Antonio,Bastardo,R,L,New York Mets,5375000
727,blevije01,NYN,NL,73,1,0,0,0,0,0,0,0,0,0,0,0,0,0,0,0,Jerry,Blevins,L,L,New York Mets,4000000
728,cabreas01,NYN,NL,141,521,65,146,30,1,23,62,5,1,38,103,3,7,0,2,14,Asdrubal,Cabrera,B,R,New York Mets,8250000
729,campber01,NYN,NL,40,75,9,13,1,0,1,9,1,0,10,24,1,2,0,1,2,Eric,Campbell,R,R,New York Mets,513308
730,cespeyo01,NYN,NL,132,479,72,134,25,1,31,86,3,1,51,108,8,7,0,6,14,Yoenis,Cespedes,R,R,New York Mets,27328046
731,colonba01,NYN,NL,34,60,4,5,2,0,1,2,0,0,1,40,0,0,4,0,3,Bartolo,Colon,R,R,New York Mets,7250000
732,confomi01,NYN,NL,109,304,38,67,21,1,12,42,2,1,36,89,2,5,0,3,6,Michael,Conforto,L,R,New York Mets,517246
733,darnatr01,NYN,NL,75,251,27,62,7,0,4,15,0,0,19,50,1,3,2,1,7,Travis,d'Arnaud,R,R,New York Mets,542604
734,deazaal01,NYN,NL,130,234,31,48,9,0,6,25,4,3,26,67,1,5,1,1,5,Alejandro,De Aza,L,L,New York Mets,5750000
735,degroja01,NYN,NL,27,42,6,6,1,0,0,2,0,0,3,12,0,0,5,0,1,Jacob,deGrom,L,R,New York Mets,607000
736,dudalu01,NYN,NL,47,153,20,35,7,0,7,23,0,0,15,36,2,2,0,2,1,Lucas,Duda,L,R,New York Mets,6725000
737,edginjo01,NYN,NL,16,0,0,0,0,0,0,0,0,0,0,0,0,0,0,0,0,Josh,Edgin,R,L,New York Mets,625000
738,familje01,NYN,NL,78,0,0,0,0,0,0,0,0,0,0,0,0,0,0,0,0,Jeurys,Familia,R,R,New York Mets,4100000
739,florewi01,NYN,NL,103,307,38,82,14,0,16,49,1,1,23,48,0,2,0,3,9,Wilmer,Flores,R,R,New York Mets,526014
740,grandcu01,NYN,NL,150,545,88,129,24,5,30,59,4,2,74,130,7,9,0,5,10,Curtis,Granderson,L,R,New York Mets,16000000
741,harvema01,NYN,NL,17,22,2,3,1,0,0,0,0,0,0,8,0,0,3,0,1,Matt,Harvey,R,R,New York Mets,4325000
742,hendeji01,NYN,NL,44,0,0,0,0,0,0,0,0,0,0,0,0,0,0,0,0,Jim,Henderson,L,R,New York Mets,600000
743,lagarju01,NYN,NL,79,142,15,34,7,2,3,9,4,2,11,27,1,2,4,1,4,Juan,Lagares,R,R,New York Mets,2500000
744,matzst01,NYN,NL,24,36,0,5,1,1,0,2,0,0,4,11,0,0,4,1,2,Steven,Matz,R,L,New York Mets,515750
745,plaweke01,NYN,NL,48,132,6,26,6,0,1,11,0,0,17,33,2,2,0,0,1,Kevin,Plawecki,R,R,New York Mets,511360
746,reedad01,NYN,NL,80,0,0,0,0,0,0,0,0,0,0,0,0,0,0,0,0,Addison,Reed,L,R,New York Mets,5300000
747,robleha01,NYN,NL,68,3,0,0,0,0,0,0,0,0,0,2,0,0,0,0,1,Hansel,Robles,R,R,New York Mets,516500
748,syndeno01,NYN,NL,31,58,6,11,3,0,3,6,0,0,7,34,0,0,2,0,1,Noah,Syndergaard,L,R,New York Mets,535375
749,verrelo01,NYN,NL,35,19,1,1,1,0,0,0,0,0,0,12,0,0,3,0,0,Logan,Verrett,R,R,New York Mets,514875
750,walkene01,NYN,NL,113,412,57,116,9,1,23,55,3,1,42,84,3,1,0,3,11,Neil,Walker,B,R,New York Mets,10550000
751,wrighda03,NYN,NL,37,137,18,31,8,0,7,14,3,2,26,55,0,0,0,0,0,David,Wright,R,R,New York Mets,19364801
752,caminar01,PIT,NL,39,2,0,0,0,0,0,0,0,0,0,1,0,0,0,0,0,Arquimedes,Caminero,R,R,Pittsburgh Pirates,532500
753,cervefr01,PIT,NL,101,326,42,86,14,1,1,33,6,2,56,72,1,6,0,5,14,Francisco,Cervelli,R,R,Pittsburgh Pirates,3500000
754,colege01,PIT,NL,21,40,3,8,1,0,1,3,0,0,0,19,0,1,2,0,0,Gerrit,Cole,R,R,Pittsburgh Pirates,548000
755,diazel01,PIT,NL,1,4,0,0,0,0,0,1,0,0,0,1,0,0,0,0,0,Elias,Diaz,R,R,Pittsburgh Pirates,510000
756,felizne01,PIT,NL,62,0,0,0,0,0,0,0,0,0,0,0,0,0,0,0,0,Neftali,Feliz,R,R,Pittsburgh Pirates,3900000
757,figueco01,PIT,NL,23,26,0,4,0,0,0,3,1,0,1,2,0,0,0,0,0,Cole,Figueroa,L,R,Pittsburgh Pirates,550000
758,freesda01,PIT,NL,141,437,63,118,23,0,13,55,0,0,45,142,2,10,0,0,15,David,Freese,R,R,Pittsburgh Pirates,3000000
759,harrijo05,PIT,NL,131,487,57,138,25,7,4,59,19,4,18,76,0,5,4,8,10,Josh,Harrison,R,R,Pittsburgh Pirates,5250000
760,hugheja02,PIT,NL,67,1,0,0,0,0,0,0,0,0,0,1,0,0,0,0,0,Jared,Hughes,R,R,Pittsburgh Pirates,2175000
761,jasojo01,PIT,NL,132,380,45,102,25,3,8,42,0,4,45,74,0,5,1,1,8,John,Jaso,L,R,Pittsburgh Pirates,4000000
762,joycema01,PIT,NL,140,231,45,56,10,1,13,42,1,1,59,67,4,3,0,0,9,Matthew,Joyce,L,R,Pittsburgh Pirates,1000000
763,kangju01,PIT,NL,103,318,45,81,19,0,21,62,3,1,36,79,1,14,0,2,11,Jung Ho,Kang,R,R,Pittsburgh Pirates,2500000
764,liriafr01,PIT,NL,23,42,2,12,1,0,1,5,0,0,0,16,0,0,0,0,0,Francisco,Liriano,L,L,Pittsburgh Pirates,13666667
765,lobstky01,PIT,NL,14,2,0,0,0,0,0,0,0,0,0,1,0,0,0,0,0,Kyle,Lobstein,L,L,Pittsburgh Pirates,520000
766,lockeje01,PIT,NL,31,32,0,4,0,0,0,0,0,0,1,17,0,0,6,0,0,Jeff,Locke,L,L,Pittsburgh Pirates,3025000
767,luebkco01,PIT,NL,9,0,0,0,0,0,0,0,0,0,0,0,0,0,0,0,0,Cory,Luebke,R,L,Pittsburgh Pirates,1000000
768,martest01,PIT,NL,129,489,71,152,34,5,9,46,47,12,23,104,5,16,1,0,8,Starling,Marte,R,R,Pittsburgh Pirates,3333333
769,mccutan01,PIT,NL,153,598,81,153,26,3,24,79,6,7,69,143,7,5,0,3,15,Andrew,McCutchen,R,R,Pittsburgh Pirates,13208333
770,melanma01,PIT,NL,45,0,0,0,0,0,0,0,0,0,0,0,0,0,0,0,0,Mark,Melancon,R,R,Pittsburgh Pirates,9650000
771,mercejo03,PIT,NL,149,519,66,133,22,3,11,59,1,1,51,83,8,5,7,2,11,Jordy,Mercer,R,R,Pittsburgh Pirates,2075000
772,morsemi01,PIT,NL,6,8,0,0,0,0,0,0,0,0,0,2,0,0,0,0,0,Mike,Morse,R,R,Pittsburgh Pirates,8000000
773,nicasju01,PIT,NL,52,19,1,3,0,0,0,1,0,0,0,7,0,0,1,0,0,Juan,Nicasio,R,R,Pittsburgh Pirates,3000000
774,niesejo01,PIT,NL,24,30,1,3,1,0,0,1,0,0,2,14,0,0,1,0,1,Jonathon,Niese,L,L,Pittsburgh Pirates,9000000
775,polangr01,PIT,NL,144,527,79,136,34,4,22,86,17,6,53,119,6,0,1,6,13,Gregory,Polanco,L,L,Pittsburgh Pirates,535000
776,rodrise01,PIT,NL,140,300,49,81,16,1,18,56,2,1,33,102,2,5,1,3,6,Sean,Rodriguez,R,R,Pittsburgh Pirates,2500000
777,stewach01,PIT,NL,34,98,10,21,4,0,1,7,0,0,12,15,2,3,0,0,2,Chris,Stewart,R,R,Pittsburgh Pirates,1350000
778,vogelry01,PIT,NL,24,19,1,1,0,0,0,1,0,0,1,13,0,1,2,0,0,Ryan,Vogelsong,R,R,Pittsburgh Pirates,2000000
779,watsoto01,PIT,NL,70,0,0,0,0,0,0,0,0,0,0,0,0,0,1,0,0,Tony,Watson,L,L,Pittsburgh Pirates,3450000
780,belisma01,WAS,NL,40,4,0,0,0,0,0,0,0,0,0,2,0,0,0,0,0,Matt,Belisle,R,R,Washington Nationals,1250000
781,drewst01,WAS,NL,70,143,24,38,11,1,8,21,0,1,16,31,0,2,0,4,3,Stephen,Drew,L,R,Washington Nationals,3000000
782,espinda01,WAS,NL,157,516,66,108,15,0,24,72,9,2,54,174,12,20,7,4,4,Danny,Espinosa,B,R,Washington Nationals,2875000
783,gonzagi01,WAS,NL,32,52,1,7,2,0,0,2,0,0,0,24,0,1,5,1,0,Gio,Gonzalez,R,L,Washington Nationals,12100000
784,harpebr03,WAS,NL,147,506,84,123,24,2,24,86,21,10,108,117,20,3,0,10,11,Bryce,Harper,L,R,Washington Nationals,5000000
785,heisech01,WAS,NL,83,139,18,30,3,1,9,17,0,1,13,44,0,2,0,1,0,Chris,Heisey,R,R,Washington Nationals,1250000
786,kellesh01,WAS,NL,67,1,0,0,0,0,0,0,0,0,0,1,0,0,0,0,0,Shawn,Kelley,R,R,Washington Nationals,4000000
787,lobatjo01,WAS,NL,39,99,10,23,3,1,3,8,0,0,12,18,1,1,1,1,4,Jose,Lobaton,B,R,Washington Nationals,1387500
788,murphda08,WAS,NL,142,531,88,184,47,5,25,104,5,3,35,57,10,8,0,8,4,Daniel,Murphy,L,R,Washington Nationals,8000000
789,papeljo01,WAS,NL,37,0,0,0,0,0,0,0,0,0,0,0,0,0,0,0,0,Jonathan,Papelbon,R,R,Washington Nationals,10936574
790,perezol01,WAS,NL,64,3,1,2,1,0,0,0,0,0,0,0,0,0,0,0,0,Oliver,Perez,L,L,Washington Nationals,3000000
791,petityu01,WAS,NL,36,6,0,1,0,0,0,0,0,0,0,2,0,0,1,0,0,Yusmeiro,Petit,R,R,Washington Nationals,2500000
792,ramoswi01,WAS,NL,131,482,58,148,25,0,22,80,0,0,35,79,2,2,0,4,17,Wilson,Ramos,R,R,Washington Nationals,5350000
793,rendoan01,WAS,NL,156,567,91,153,38,2,20,85,12,6,65,117,2,7,0,8,5,Anthony,Rendon,R,R,Washington Nationals,2800000
794,reverbe01,WAS,NL,103,350,44,76,9,7,2,24,14,5,18,34,0,3,2,2,12,Ben,Revere,L,R,Washington Nationals,6250000
795,riverfe01,WAS,NL,47,1,0,0,0,0,0,0,0,0,0,1,0,0,0,0,0,Felipe,Vazquez,L,L,Washington Nationals,516100
796,roarkta01,WAS,NL,34,64,1,8,1,0,0,3,0,0,5,25,0,0,6,0,0,Tanner,Roark,R,R,Washington Nationals,543400
797,robincl01,WAS,NL,104,196,16,46,4,0,5,26,0,0,20,38,0,2,1,5,4,Clint,Robinson,L,L,Washington Nationals,534900
798,rossjo01,WAS,NL,23,41,2,10,2,0,0,1,0,0,3,15,0,0,0,0,1,Joe,Ross,R,R,Washington Nationals,514400
799,scherma01,WAS,NL,34,70,4,13,1,0,0,12,0,0,2,30,0,0,13,0,1,Max,Scherzer,R,R,Washington Nationals,22142857
800,strasst01,WAS,NL,24,48,3,10,1,0,0,2,0,0,2,11,0,0,7,0,2,Stephen,Strasburg,R,R,Washington Nationals,10400000
801,taylomi02,WAS,NL,76,221,28,51,11,0,7,16,14,3,14,77,0,1,0,1,2,Michael,Taylor,R,R,Washington Nationals,524000
802,treinbl01,WAS,NL,73,0,0,0,0,0,0,0,0,0,0,0,0,0,0,0,0,Blake,Treinen,R,R,Washington Nationals,524900
803,werthja01,WAS,NL,143,525,84,128,28,0,21,69,5,1,71,139,0,4,0,6,17,Jayson,Werth,R,R,Washington Nationals,21733615
804,zimmery01,WAS,NL,115,427,60,93,18,1,15,46,4,1,29,104,1,5,0,6,12,Ryan,Zimmerman,R,R,Washington Nationals,14000000
